v     2.934624    -2.812921   226.959829
v    24.402324    -1.937101   226.718029
v     0.594224    17.094599   225.093239
v   -15.458796     0.325959   225.908549
v    -2.049526   -23.510271   227.029199
v    44.314654     1.883759   226.181459
v    27.063004    23.046489   224.443679
v     3.942434    37.064149   221.349519
v   -23.527836    24.296979   221.355649
v   -38.015156    -3.586281   221.949369
v   -25.737756   -25.664951   224.853949
v    -3.706956   -43.716681   225.955839
v    26.618554   -25.789501   227.211559
v    62.065874     2.220209   224.748569
v    51.345974    27.524829   222.957519
v    29.338624    45.009389   220.287419
v     6.799504    55.808999   217.694849
v   -29.172786    45.444169   215.473069
v   -48.044096    23.956629   215.917949
v   -61.009446    -6.353321   218.690009
v   -49.899106   -24.646641   220.501199
v   -31.980936   -51.980401   221.062099
v    -3.471126   -62.995281   224.409289
v    27.131194   -48.683391   226.455869
v    47.835214   -30.036231   226.905459
v    80.409164    -2.248011   221.972009
v    71.116034    27.018719   220.250539
v    55.392474    51.656189   216.630519
v    28.503894    68.156809   215.031269
v     9.097904    77.441539   212.787649
v   -19.771416    68.792079   211.143339
v   -49.508666    55.406099   210.381189
v   -68.102966    27.348529   211.402809
v   -78.736786     2.461289   213.202419
v   -75.712696   -30.115021   214.900679
v   -57.860106   -52.955301   216.152309
v   -34.109756   -76.033181   218.834179
v    -6.004936   -82.218611   221.116579
v    25.332104   -70.900361   222.940839
v    53.420844   -52.354031   223.876699
v    68.949274   -27.726831   224.630289
v    94.891534    -5.954161   218.005509
v    88.991364    25.827369   214.567129
v    76.308554    55.258749   211.649499
v    55.829664    75.077369   210.487529
v    28.355854    90.624519   208.586319
v     2.546314    96.861579   205.612899
v   -24.028226    90.350179   204.965219
v   -50.371666    75.923859   205.188959
v   -76.311616    52.124879   205.462759
v   -92.768726    26.050389   206.745839
v   -99.341166    -1.934761   207.548909
v   -96.836976   -35.440771   208.955309
v   -84.245486   -58.429811   211.330399
v   -62.045776   -79.096601   212.727219
v   -30.651576   -95.864571   216.158699
v    -3.935656  -102.171591   216.453089
v    30.944914   -91.546901   217.776979
v    56.860994   -74.777781   219.166709
v    79.591794   -53.841481   219.242109
v    88.738444   -27.275171   220.196999
v   111.702504    -8.469131   211.934159
v   107.319984    21.322479   207.399109
v    97.780004    51.744259   205.827769
v    84.775064    75.963689   205.923829
v    58.795674    97.444029   203.553019
v    36.044674   110.955379   200.527069
v     9.870714   115.015039   197.601749
v   -24.464786   112.177789   198.026969
v   -51.355776    97.964579   198.399449
v   -77.399816    77.119729   198.171479
v  -100.214746    52.768369   199.652819
v  -113.584536    21.122119   200.754619
v  -123.493306   -12.218251   200.821919
v  -117.417596   -32.538961   202.956959
v  -105.403946   -57.773591   204.998619
v   -89.154856   -84.632631   206.184859
v   -61.793356  -102.087871   208.064959
v   -27.531066  -114.020141   211.369939
v    -1.177176  -122.812341   212.111119
v    32.708434  -112.873781   212.232809
v    62.593144   -97.643871   213.486619
v    83.958324   -80.468581   213.788459
v   102.117794   -60.534721   212.891799
v   109.326384   -28.644101   213.499779
v   130.649064    -8.476971   204.932929
v   127.481244    22.722799   199.206239
v   118.942214    47.290589   198.557849
v   107.787374    82.189949   201.313479
v    86.642734   102.716809   198.659819
v    61.188314   119.913069   195.408199
v    39.323934   133.156949   191.133829
v     7.706434   133.580679   188.446529
v   -25.249586   129.448749   190.217659
v   -53.563866   118.502509   190.261259
v   -79.374596   102.297789   190.607949
v  -102.419886    79.733739   191.325799
v  -120.701006    53.309589   193.017799
v  -131.340296    26.894539   193.659899
v  -139.542936    -3.477971   193.728629
v  -135.704076   -32.649221   194.606239
v  -128.220796   -56.625291   195.367089
v  -111.684656   -87.342541   197.248059
v   -92.425046  -108.009591   200.579699
v   -62.563806  -124.007071   202.102849
v   -29.050796  -134.679351   204.440399
v     3.407814  -138.422111   206.300059
v    26.750984  -137.165121   206.460899
v    52.557304  -121.060431   206.270709
v    85.948654  -106.702321   206.849359
v   108.077574   -85.327831   205.817149
v   122.624144   -60.968471   205.511189
v   129.732724   -28.419231   206.276139
v   151.804414    -6.377841   194.985739
v   147.663534    22.831839   190.974319
v   140.423384    55.906769   188.604469
v   125.844564    82.391139   193.709189
v   112.386164   103.606919   192.999619
v    87.949644   125.791139   187.914659
v    60.686584   142.551419   184.508789
v    36.493284   152.812459   181.549279
v     6.314814   154.331979   179.068379
v   -25.014206   147.911789   180.624619
v   -55.928656   138.422799   179.248619
v   -80.133756   123.768049   181.297379
v  -104.967256   104.424389   182.805539
v  -125.631866    80.629019   184.104879
v  -141.332516    55.028379   185.556289
v  -150.473096    25.740539   185.463159
v  -156.226726    -1.008811   185.761819
v  -153.353206   -31.669241   184.849259
v  -147.625866   -65.086381   186.683619
v  -131.952586   -88.382271   188.214339
v  -114.161506  -113.568111   189.700059
v   -91.732776  -129.733671   194.042039
v   -64.808366  -142.466561   194.903369
v   -35.561766  -151.967501   194.026889
v    -0.340336  -155.215861   193.008479
v    33.780184  -153.594321   197.146269
v    64.188124  -136.780371   195.782689
v    90.377134  -122.973521   197.960559
v   108.855004  -112.414861   197.641499
v   130.977584   -84.936141   195.412989
v   142.256854   -56.662111   196.123119
v   149.230024   -26.030551   198.149839
v   171.207354    -5.131641   183.397859
v   167.942154    25.061469   180.944949
v   160.755524    52.307289   180.677509
v   146.837904    77.794859   181.752079
v   130.674704   109.275029   181.792249
v   115.177314   130.018249   178.603749
v    87.044174   147.761709   175.704889
v    57.096944   160.194979   173.703679
v    29.694144   168.521079   171.504499
v    -0.786166   170.740399   169.641749
v   -27.483316   165.977559   170.650209
v   -56.001746   157.111409   167.778069
v   -80.054296   142.173269   169.247449
v  -105.796596   125.102039   172.079989
v  -129.792896   106.330359   174.136439
v  -145.395126    83.262489   175.953129
v  -160.426556    54.377089   176.257209
v  -169.508526    23.045659   177.025449
v  -175.041026    -1.117661   176.246739
v  -173.509746   -28.477741   176.201249
v  -166.722326   -54.940311   176.879459
v  -154.188366   -89.381621   179.484849
v  -135.531736  -113.976491   178.720459
v  -111.298406  -140.906621   181.346939
v   -96.567936  -149.375321   181.720259
v   -64.525096  -160.487781   180.677029
v   -30.569346  -168.718861   179.825679
v     5.036014  -171.014381   178.712449
v    42.079134  -170.220881   183.226159
v    52.849704  -164.215671   185.758249
v    83.961604  -144.796371   184.463679
v   116.292924  -126.486841   187.477529
v   134.213054  -110.975981   184.936429
v   151.140064   -86.182381   183.868269
v   161.200134   -57.564201   184.954559
v   168.276044   -28.470251   187.448639
v   189.153994    -2.612241   170.400979
v   185.153024    25.113879   169.182109
v   178.779944    54.480259   169.667369
v   165.215534    81.754609   169.056289
v   151.477094   109.474789   168.032649
v   135.289244   130.711539   168.167939
v   112.713924   149.292819   166.103249
v    86.487014   163.945479   163.206299
v    55.199254   174.657079   161.075989
v    24.752884   181.722619   160.578529
v    -1.397696   182.427169   159.248919
v   -31.445036   180.917309   159.078499
v   -51.196886   175.155949   157.117239
v   -81.277786   159.846659   153.787379
v  -101.972716   143.172709   159.993739
v  -130.195036   128.315549   162.824669
v  -150.493906   106.706549   165.330379
v  -167.337746    78.902869   164.980239
v  -180.666966    53.067189   167.494789
v  -188.127096    29.794889   167.151449
v  -192.706296    -2.158211   166.085509
v  -194.564046   -37.368581   165.684669
v  -186.444796   -59.848841   166.610249
v  -174.702736   -90.664391   166.480019
v  -161.506706  -110.005141   168.950029
v  -139.437626  -137.285931   168.814119
v  -115.489156  -158.747371   171.762629
v   -84.638456  -167.516041   170.079009
v   -62.655226  -176.217891   166.096039
v   -27.825926  -182.795801   167.179009
v     6.760154  -184.341241   166.806869
v    36.228404  -183.400421   169.613189
v    58.582804  -177.846631   174.945849
v    87.257164  -161.126581   173.145089
v   111.919464  -148.182251   171.324339
v   134.500464  -132.229661   173.425279
v   156.126504  -108.630641   171.650639
v   170.389264   -90.568071   170.307179
v   181.149024   -55.985811   173.233739
v   185.386924   -29.578941   174.672179
v   204.465474     3.679319   156.781059
v   199.266154    30.168399   156.087879
v   193.242994    59.563249   156.594719
v   187.119534    81.097169   156.492859
v   172.881244   110.380389   154.237059
v   156.076934   130.559059   153.947969
v   134.974734   150.673809   150.457399
v   109.512124   166.239089   151.276289
v    85.322004   177.742659   150.563079
v    54.940364   187.423589   148.206469
v    24.390654   194.005949   147.654479
v    -1.823516   193.173989   146.832219
v   -33.437046   192.273779   146.892039
v   -49.812086   190.217199   144.648949
v   -79.039196   176.761209   140.474009
v   -99.766376   161.536289   144.622299
v  -130.266016   145.190609   151.057559
v  -151.094816   127.130739   153.079039
v  -171.313196   104.373259   153.330209
v  -188.342676    79.001339   154.064899
v  -195.140876    57.699309   157.341769
v  -203.984126    27.686929   155.377519
v  -209.038586    -5.304401   153.821899
v  -207.066016   -30.627611   156.077689
v  -202.394186   -60.742881   156.338059
v  -194.806146   -85.632151   155.738169
v  -179.765016  -109.618281   156.768639
v  -161.492476  -134.869821   158.074299
v  -139.336476  -154.613861   160.513109
v  -114.954286  -172.329391   161.772749
v   -91.643206  -183.604891   156.893549
v   -55.968876  -190.592771   155.331519
v   -25.807876  -195.362491   156.057449
v     7.483464  -196.440631   156.145029
v    29.213284  -192.569171   159.134009
v    61.526014  -185.829801   165.402599
v    83.208164  -180.602631   162.352419
v   112.061694  -164.808751   157.932649
v   138.658394  -149.118241   156.583369
v   157.029004  -130.037961   156.277549
v   173.738114  -106.357741   157.525549
v   188.023084   -84.439311   158.900229
v   196.625234   -60.005201   159.481769
v   201.302864   -25.965091   158.778219
v   218.337324     4.771969   142.608149
v   214.314294    26.353239   141.413639
v   209.217814    49.979879   140.376409
v   202.259854    81.614199   142.674539
v   190.353204   105.871149   143.176289
v   174.411124   130.186349   139.237619
v   155.404074   151.305949   134.382449
v   132.719274   167.809939   134.390229
v   108.024414   180.724189   137.148229
v    83.544584   191.377129   137.266609
v    54.600674   200.211339   134.815679
v    25.577434   206.021489   134.389469
v    -0.976366   203.830879   133.708809
v   -30.262056   202.207099   134.322439
v   -49.673366   200.229889   133.397889
v   -76.559406   191.595469   129.210469
v  -102.480836   177.059469   130.484059
v  -130.641956   161.266739   137.355019
v  -149.306176   146.593719   139.952589
v  -172.199416   126.078439   139.417309
v  -189.876996   104.824849   140.410059
v  -200.807566    80.747789   143.332049
v  -211.507516    52.765049   143.175889
v  -219.549036    29.342189   141.558559
v  -223.884906    -1.492001   140.003329
v  -221.691726   -26.052951   140.779429
v  -216.887946   -52.935961   140.107649
v  -208.975346   -80.943401   140.532999
v  -196.255546  -109.732131   140.365279
v  -180.977566  -133.595081   143.191629
v  -161.510116  -151.526841   146.192799
v  -136.319506  -169.289751   147.111489
v  -110.883316  -186.673281   149.444109
v   -88.670506  -200.179791   144.766569
v   -56.739146  -206.908031   141.987269
v   -22.661806  -208.083861   143.796829
v     4.165534  -207.313241   145.426479
v    25.660274  -200.953581   148.750269
v    56.096464  -195.116111   152.107219
v    89.476964  -188.898691   150.999419
v   108.685784  -185.358581   145.298729
v   137.645964  -168.551471   140.414359
v   158.141164  -150.194721   139.644519
v   176.085734  -128.521921   138.402619
v   190.854044  -107.220651   139.497779
v   204.967494   -83.964091   143.057039
v   211.983254   -58.824261   142.294599
v   216.106694   -25.072941   142.478899
v   232.256104     3.506069   126.761349
v   229.537034    24.805099   125.102669
v   224.059344    50.729719   122.543459
v   217.008574    80.309839   125.143179
v   205.771714   105.521579   126.249439
v   191.172854   128.102369   123.703139
v   172.927064   149.999979   120.345979
v   152.659894   168.696519   119.334979
v   129.880674   183.013329   120.982139
v   105.867824   195.070379   123.300099
v    82.494854   206.094659   121.507239
v    54.948624   214.047739   119.414849
v    26.246594   218.826089   119.867599
v     0.215794   215.742699   119.151199
v   -24.624816   212.442139   120.507479
v   -48.874206   209.189029   121.677659
v   -76.893246   201.956589   118.826249
v  -103.491266   190.321149   118.171649
v  -128.750746   176.641509   122.831229
v  -148.842016   163.669529   125.715209
v  -171.798046   146.040249   124.791349
v  -189.777486   128.155999   124.767909
v  -205.121396   102.916899   126.051379
v  -215.711506    74.325759   127.545249
v  -226.491876    48.567459   129.889259
v  -233.179466    32.614999   127.479139
v  -237.963176     1.976479   124.089689
v  -234.598906   -26.264141   125.486509
v  -230.225526   -53.032621   123.769339
v  -223.267626   -80.493391   120.434409
v  -212.891556  -106.629401   120.684789
v  -198.163196  -135.425571   123.467589
v  -181.477676  -150.225091   129.318709
v  -158.979866  -167.378511   129.937709
v  -133.361386  -183.560401   131.203289
v  -108.193506  -199.636451   134.667279
v   -77.766346  -210.943671   134.740749
v   -57.947866  -218.562331   127.820139
v   -23.779376  -220.352551   128.709059
v    -1.092906  -217.758791   132.502449
v    23.608384  -210.325411   134.278409
v    53.386324  -203.930721   135.800269
v    81.569074  -199.013671   134.874899
v   111.277354  -194.024261   133.973279
v   132.524644  -183.811821   128.852859
v   156.266954  -166.605601   125.507299
v   176.905124  -148.148751   122.373679
v   192.724684  -127.258971   122.027899
v   207.454244  -106.453951   123.463859
v   219.872444   -84.234001   126.265949
v   227.371564   -56.183661   125.427779
v   231.302644   -26.502411   126.317869
v   245.783514     2.034519   109.988759
v   244.264824    28.059609   107.885459
v   238.738934    52.197729   105.421449
v   231.625854    77.307609   106.595269
v   220.441854   103.805399   108.186159
v   206.788464   125.800729   108.338159
v   189.260604   147.294659   105.748449
v   170.869474   166.855859   105.450439
v   150.403864   183.989009   105.836169
v   126.113424   197.683169   107.480369
v   102.137174   208.717599   109.288619
v    78.617284   217.312739   107.020079
v    47.280884   225.128309   106.023729
v    22.364314   228.675699   105.750229
v     4.051604   227.894259   103.461149
v   -22.954336   223.527849   104.475559
v   -48.700916   219.094189   106.987009
v   -77.229996   211.750959   106.521869
v  -101.705496   202.678909   105.808999
v  -125.665896   191.116649   106.596349
v  -149.128666   178.970279   108.952399
v  -169.554696   164.328339   109.547309
v  -190.376786   147.613059   108.287779
v  -205.252856   125.163619   107.940999
v  -218.544026   101.876339   108.972969
v  -227.922876    75.100299   110.069989
v  -239.950346    46.589189   114.538369
v  -242.003106    25.121839   113.151569
v  -246.092396    -3.170051   109.894339
v  -244.034146   -23.095111   111.558749
v  -242.344056   -51.025691   108.596379
v  -237.200346   -78.761221   104.922989
v  -227.553836  -105.346821   102.317029
v  -214.817946  -130.941831   105.843969
v  -198.711676  -146.728161   111.943869
v  -177.771566  -166.482061   112.463169
v  -155.246386  -182.321471   113.258769
v  -130.586126  -196.932941   114.757219
v  -105.472296  -210.231641   115.315389
v   -77.054376  -222.152011   114.210909
v   -56.459536  -228.079201   110.145729
v   -22.250636  -231.293071   110.253839
v    -4.047846  -228.764621   113.498579
v    23.357984  -221.764651   113.396989
v    51.841144  -214.639951   113.672649
v    79.793954  -208.582431   113.524119
v   109.217544  -203.882011   113.262079
v   128.345934  -199.828571   111.194909
v   152.685004  -182.420831   108.151019
v   174.169014  -163.701131   108.290019
v   192.535654  -146.168881   107.846899
v   207.775184  -125.671811   107.526679
v   221.140374  -104.425661   108.672659
v   234.180474   -78.760171   110.118839
v   243.860334   -53.622781   108.712479
v   245.937224   -29.784901   109.794999
v   257.650414    -3.342981    92.535349
v   256.956984    27.948109    91.251479
v   251.910784    49.766369    89.163729
v   245.101494    76.181239    87.773809
v   234.419354   101.705109    89.704619
v   220.601024   123.868629    92.202119
v   203.857574   144.391909    92.032519
v   189.008594   169.291269    82.323049
v   169.881804   183.562689    88.269929
v   147.584514   198.067279    89.928869
v   122.762584   211.096149    91.751959
v   100.489184   219.416899    91.750209
v    75.979264   227.765649    87.555119
v    53.067574   233.755969    87.478439
v    29.875114   237.295909    87.319809
v    17.027414   237.403389    86.581879
v   -14.468306   234.973269    87.046829
v   -47.529076   230.200559    89.348939
v   -75.830036   222.379009    90.832439
v  -100.145276   214.224989    91.079879
v  -123.275636   204.128789    89.448389
v  -147.290416   193.289919    89.993459
v  -167.470626   180.753179    92.407469
v  -188.075976   162.998909    93.456329
v  -204.722056   146.348259    90.680739
v  -219.187336   122.798859    89.963509
v  -231.168386   101.493169    92.168499
v  -239.833376    75.755169    91.357569
v  -246.954696    51.053689    96.589279
v  -249.627706    19.073459    91.115789
v  -252.055016    -9.580541    92.552679
v  -250.025856   -28.493481    95.358759
v  -248.517276   -57.233491    93.581529
v  -246.160656   -82.487331    90.686999
v  -240.783286  -101.751171    88.078069
v  -230.091476  -128.808661    87.513819
v  -215.224366  -144.564551    93.179189
v  -193.074796  -162.365321    93.713179
v  -173.511256  -180.336451    96.416389
v  -152.514266  -196.123351    96.318009
v  -127.743866  -208.455691    98.708669
v  -100.750736  -219.636931    96.698599
v   -77.063266  -230.066011    94.605889
v   -49.140306  -235.579051    91.783569
v   -14.338536  -239.180561    92.915159
v    -6.662596  -238.447691    92.669539
v    22.483864  -233.473651    90.833399
v    49.706494  -226.112001    90.083929
v    76.684504  -219.025731    90.839479
v   102.970844  -213.664321    92.163049
v   128.162164  -208.147961    94.150179
v   149.698314  -196.688661    91.362989
v   170.267294  -179.553661    90.709759
v   189.772144  -161.931451    92.072759
v   205.886004  -143.347981    95.222319
v   221.435524  -123.758941    92.339899
v   234.671734  -100.287201    90.666209
v   246.586684   -76.130091    93.416389
v   254.889034   -47.725691    95.674839
v   258.319194   -38.802281    92.124549
v   267.988654    -0.525811    73.672829
v   266.747154    26.768479    73.590229
v   263.597574    45.664329    72.100159
v   257.045114    74.761009    69.651069
v   247.185864    98.314099    71.667619
v   233.721804   122.808369    73.915559
v   217.977624   141.295499    75.420109
v   201.427644   163.605349    72.832249
v   183.494274   178.365099    71.999719
v   163.913534   193.411949    71.752679
v   142.004224   207.780409    72.363029
v   119.179264   219.225649    74.715159
v    95.408644   227.531689    74.063249
v    70.865934   233.562579    72.625359
v    45.288134   238.191479    71.964569
v    23.801024   241.342369    78.135779
v    11.571404   244.881459    68.979239
v   -12.029166   243.660559    69.077759
v   -44.964246   240.113109    71.218319
v   -71.455706   233.372459    74.021219
v   -97.293306   224.827809    75.532939
v  -119.897776   215.635209    73.597599
v  -142.258656   206.252449    72.647139
v  -166.966676   195.369329    71.515499
v  -187.059516   179.657549    72.316009
v  -204.697296   161.717519    73.837079
v  -222.229676   145.039399    68.458089
v  -233.664206   122.620379    71.885419
v  -243.095576   100.810469    75.044469
v  -248.045956    75.171509    74.743219
v  -253.020656    54.843759    76.063029
v  -255.484636    15.396569    71.579749
v  -256.005136   -16.832051    73.768889
v  -254.824476   -26.035121    76.559329
v  -253.800026   -46.410271    76.501269
v  -252.233376   -77.783761    75.915869
v  -250.270436   -97.873921    75.413829
v  -239.446716  -117.216181    80.319499
v  -225.289166  -137.591831    78.694819
v  -208.096286  -157.384591    79.219109
v  -187.674076  -175.498461    75.977819
v  -169.537706  -191.366291    74.731319
v  -145.736426  -205.321841    81.229729
v  -122.539646  -216.657691    82.075069
v   -97.903686  -227.501571    78.099899
v   -76.305236  -236.202121    77.280169
v   -48.951386  -240.719041    75.763449
v   -20.722186  -242.360271    82.224349
v     1.837064  -244.585901    73.942689
v    23.341434  -242.825331    70.581619
v    46.685554  -236.910361    69.461239
v    72.527394  -228.881601    69.852669
v    99.558364  -222.487781    71.709759
v   125.034504  -216.727461    75.380899
v   143.934694  -207.090621    74.425569
v   164.770294  -191.979471    76.102479
v   183.620794  -174.963421    78.720809
v   200.067274  -155.632061    76.949509
v   216.542334  -136.701561    75.334049
v   231.439194  -117.526791    79.490309
v   244.710634   -96.055091    74.473219
v   256.586544   -74.581231    76.321879
v   264.673994   -49.400681    76.869169
v   268.402454   -35.644771    74.706879
v   277.523374    -9.753051    54.006979
v   275.742294    19.010899    53.605699
v   273.092534    55.639759    48.442509
v   268.128414    77.891799    46.596479
v   258.283344    96.296119    51.276509
v   245.575624   120.265789    56.412299
v   232.843394   143.127029    51.271219
v   215.742164   159.176199    55.164519
v   197.278284   173.514189    56.868559
v   178.125464   188.470839    55.039959
v   156.035504   201.559349    52.923269
v   134.627664   214.152329    56.157879
v   111.321344   224.453319    57.378169
v    94.124344   231.484489    51.395599
v    69.329394   237.434729    54.475539
v    48.497514   241.347469    54.168919
v    28.184004   244.627939    58.361989
v     4.632374   247.508779    56.443659
v   -27.184956   249.618149    55.038969
v   -47.513176   248.317479    53.071229
v   -72.874656   242.781549    55.451939
v   -97.438226   235.320899    56.538589
v  -118.255406   226.209859    56.743499
v  -140.054306   217.998429    53.969689
v  -163.496216   207.855179    54.775339
v  -181.478056   193.014009    60.568049
v  -197.875556   173.256809    60.944779
v  -215.398686   155.113979    61.427659
v  -231.302496   137.589209    60.976159
v  -244.575906   120.563129    58.521359
v  -249.955096   100.305829    59.727579
v  -254.406946    71.208619    55.954439
v  -258.204996    49.951229    57.714919
v  -260.183996    26.079819    54.630099
v  -260.229476   -11.804841    54.979949
v  -259.512086   -24.069061    57.147539
v  -258.110706   -50.583721    56.143519
v  -257.229606   -82.500661    55.862139
v  -255.278266   -97.442231    57.042229
v  -246.491566  -111.865511    59.078909
v  -233.519126  -130.693481    58.426379
v  -219.009136  -150.133361    58.444449
v  -200.508706  -169.331921    63.962259
v  -182.518376  -188.644841    63.084599
v  -161.722486  -201.767451    60.113499
v  -139.404046  -213.055881    69.951289
v  -116.989986  -223.676461    65.482499
v   -93.224756  -234.073761    63.401499
v   -72.671646  -242.092851    60.869139
v   -42.146416  -243.852671    56.696699
v   -22.675646  -246.042971    55.700779
v     6.374074  -248.292861    56.779819
v    20.825744  -250.324431    54.038629
v    45.319204  -245.893331    51.663519
v    70.187084  -237.052851    51.447899
v    92.891654  -230.103421    55.686689
v   119.618644  -224.641231    57.604329
v   139.292104  -216.593681    56.482719
v   158.789594  -203.707421    55.926239
v   177.132194  -186.913011    62.727549
v   194.227374  -169.545721    59.079489
v   209.462044  -150.149611    56.946309
v   225.123934  -131.434981    63.915349
v   238.903374  -113.415901    59.013459
v   250.775394   -90.753801    62.881809
v   263.520584   -69.538521    66.626429
v   272.850024   -53.368691    58.911559
v   276.568404   -30.402331    56.684779
v   283.313114     7.000089    37.815879
v   283.021964    27.345819    34.346829
v   278.340374    51.368229    38.198909
v   271.110484    68.227239    45.565499
v   263.780644    94.304509    41.510209
v   256.769954   117.732599    35.207719
v   245.092174   139.940889    36.371539
v   228.005014   155.466359    35.685159
v   210.390864   170.620689    37.599629
v   191.324314   184.180769    38.450769
v   170.357294   196.284029    35.328559
v   150.218904   209.112419    37.586789
v   130.560754   220.580049    38.724499
v   110.019914   229.399469    39.775219
v    89.116014   236.421399    37.348109
v    66.335734   241.347359    34.808839
v    54.035174   245.370319    33.080299
v    30.808974   248.861579    37.935459
v     6.404104   251.117059    39.298899
v   -27.605086   252.341969    35.925849
v   -51.068826   251.982639    40.058069
v   -68.654286   248.875379    39.363559
v   -90.630056   241.251859    41.650549
v  -112.914006   232.960619    40.880759
v  -135.123566   225.446639    38.079829
v  -159.110596   217.391619    36.596619
v  -175.914356   204.271859    40.977989
v  -192.103286   185.780799    37.719319
v  -207.834836   167.629769    37.646049
v  -225.148516   151.498269    41.059009
v  -240.231036   134.508169    37.595289
v  -250.708266   116.289979    43.717549
v  -255.952686    91.631379    40.799949
v  -258.046106    74.909989    35.887639
v  -261.337106    51.952359    36.994449
v  -263.915736    29.831279    39.751649
v  -264.613286    -1.908491    37.081559
v  -264.076446   -25.926241    36.052729
v  -262.251206   -46.784671    35.654979
v  -262.113196   -85.297831    32.134709
v  -260.229586   -92.246941    40.766829
v  -250.433116  -110.314741    31.816119
v  -238.839336  -125.179201    47.184179
v  -225.773016  -144.025901    47.278089
v  -211.335216  -162.982201    42.200349
v  -194.224526  -182.119501    36.719989
v  -175.247166  -197.378511    42.898429
v  -155.370636  -209.722261    39.210659
v  -135.402316  -220.424351    40.624719
v  -113.005836  -230.629801    37.252469
v   -88.811986  -240.030041    42.443189
v   -72.508846  -246.116861    42.728429
v   -42.989966  -246.736911    35.432859
v   -21.770276  -248.837211    37.627549
v     6.226644  -251.912871    35.422699
v    25.717444  -256.627381    38.959689
v    49.227434  -253.128211    33.795729
v    67.335544  -244.485931    35.301939
v    92.686864  -239.097021    33.339559
v   116.499394  -233.339291    37.145549
v   133.738574  -224.529581    39.177589
v   151.728944  -213.349381    38.346069
v   170.420054  -198.020291    35.464609
v   187.714244  -180.639461    38.940489
v   203.398284  -162.420581    43.346489
v   218.145214  -144.760381    37.287809
v   232.431534  -128.057771    39.359929
v   245.313534  -110.192711    34.615499
v   256.776894   -88.690191    31.050529
v   268.350234   -69.609551    37.963529
v   277.905124   -44.994261    48.654939
v   281.403044   -26.459171    39.040449
v   285.641824     2.017789    18.439609
v   285.305464    29.211019    16.128469
v   281.464814    49.115629    17.028139
v   274.669874    66.763699    14.880959
v   268.339244    89.075269    12.902249
v   261.607634   115.524989    22.428909
v   254.207704   135.863439    16.168529
v   239.807734   152.000639    18.909859
v   220.111834   165.479299    26.658359
v   202.528814   179.817269    17.727749
v   182.948494   192.238799    20.755149
v   162.803414   203.880849    15.558949
v   144.094674   215.524579    18.471479
v   125.558444   225.173759    23.648159
v   105.990074   233.164099    19.893059
v    85.310954   241.298849    25.392129
v    56.849704   247.705839    22.289379
v    39.350214   250.713099    18.991259
v    29.220814   252.335449    20.081659
v     0.553324   254.316929    19.853839
v   -17.868586   255.146189    20.990699
v   -43.277756   255.663099    20.319219
v   -66.604146   252.617539    17.705379
v   -88.817376   246.395789    18.966359
v  -109.065546   238.731599    17.956419
v  -129.846486   230.920789    17.015039
v  -152.098186   222.640879    24.082109
v  -172.567366   213.120199    13.703439
v  -187.009696   196.787979    18.423439
v  -201.039256   178.678699    19.755469
v  -216.153806   162.814559    22.231469
v  -233.745586   148.901099    22.319749
v  -245.757866   131.378289    24.962899
v  -256.291926   109.330469    26.198249
v  -259.888626    89.773279    19.926129
v  -262.252656    61.846629    20.690749
v  -264.699216    47.764959    19.238339
v  -267.757486    21.282999    25.421479
v  -269.407706     4.954019    22.280679
v  -268.763456   -18.763491    16.500319
v  -267.025926   -38.534341    15.196099
v  -264.167056   -67.576131    19.405719
v  -261.707706   -87.088911    28.912639
v  -252.740766  -104.596951    26.519919
v  -241.643616  -122.208281    25.769629
v  -230.144536  -139.331531    27.373079
v  -218.625916  -157.792821    20.826269
v  -203.691046  -174.810111    17.543249
v  -185.826766  -191.031471    28.116879
v  -167.972786  -205.233631    16.948599
v  -148.410926  -216.173051    19.776629
v  -128.454836  -226.268781    20.955449
v  -106.986896  -235.993461    18.668879
v   -86.677396  -244.577031    22.072389
v   -73.052116  -249.842451    23.571289
v   -43.277816  -249.581221    15.364009
v   -21.387846  -251.968681    19.257769
v     3.636684  -254.944201    14.654529
v    29.483034  -259.718911    26.919909
v    42.873444  -257.537361    25.818989
v    64.382914  -249.198251    14.372069
v    89.515384  -243.504511    22.622959
v   110.461384  -237.820501    25.665089
v   127.193124  -230.946771    19.481949
v   145.161624  -220.886471    20.162289
v   164.311974  -208.224851    18.187789
v   181.116284  -191.152721    17.816629
v   196.155264  -172.320671    19.817989
v   210.422164  -155.046331    17.510419
v   224.054854  -138.993501    20.232649
v   236.692064  -122.297751    16.350539
v   249.692974  -104.954611    17.695159
v   261.237584   -86.045971     9.228999
v   271.991904   -67.116211    18.107089
v   279.598134   -46.027601    28.534039
v   284.512614   -23.372181    15.481739
v   286.503204    -3.355041     5.199349
v   286.434484    24.274919     0.781749
v   283.691734    45.949669    -5.124491
v   277.917444    66.655089   -17.339911
v   271.574674    87.540649   -12.601981
v   265.411454   110.439809    -0.296231
v   257.368334   132.042819    -2.976331
v   246.054974   146.377389    -4.646541
v   228.440354   160.355589    -1.606331
v   210.799174   174.175899    -4.558881
v   192.919874   187.840309    11.228379
v   175.814214   200.670299   -14.403921
v   155.828634   211.639599     1.828299
v   139.771394   222.387089     1.714189
v   120.800524   230.365909     1.593779
v   101.390194   237.917809    -3.924151
v    82.351724   244.459139    -2.556561
v    63.973574   251.527099    -3.766771
v    44.174784   256.693229   -10.761671
v    20.584494   258.185949    -8.077091
v     0.971994   258.011729    -0.571631
v   -42.250916   257.808669    -1.250391
v   -55.459736   257.050849    -0.522341
v   -66.397666   255.611599    -2.789241
v   -84.208536   250.888539    -2.283911
v  -105.550796   244.028809     0.916529
v  -126.050096   236.742599     0.831449
v  -146.190566   228.522409    -3.381481
v  -165.133986   218.324169    10.926059
v  -182.000286   206.354949     3.820909
v  -195.683886   188.797359    -3.759241
v  -209.075666   172.563739     1.056989
v  -225.464066   160.331049     2.552479
v  -239.521436   147.697289     4.411299
v  -251.768026   126.825299    -2.785641
v  -259.602206   104.367539    11.193099
v  -263.940386    88.123069    -1.293301
v  -265.416666    61.227069     1.411649
v  -267.843146    44.977729    -1.952421
v  -269.706226    22.038019    10.717729
v  -271.773326     0.093809    11.113099
v  -272.419316   -20.711521    -1.564381
v  -270.643506   -52.206391    -8.451171
v  -268.610356   -63.406971    -4.203281
v  -262.776036   -80.459131     2.991599
v  -253.435926  -100.314981     5.194039
v  -243.796976  -119.180681    11.666559
v  -233.113776  -135.706341    -1.599961
v  -223.393636  -152.890831    -3.852661
v  -210.719536  -168.408721     6.799479
v  -195.455216  -184.396851     1.295669
v  -177.816196  -199.242991    -0.246531
v  -159.800406  -211.728151    -0.140071
v  -140.852236  -221.842981     5.323659
v  -122.600656  -231.436751    -0.427581
v  -102.835136  -240.335461    -3.121541
v   -82.400936  -247.492291     3.367569
v   -69.389436  -252.613271     5.295679
v   -42.700436  -251.923581    -1.909391
v   -21.587316  -255.080221     0.419339
v     4.085754  -257.913631    -3.062691
v    28.217464  -262.611961     5.479649
v    42.805164  -260.423361     4.394509
v    61.170374  -253.809651    -7.170441
v    85.938434  -248.259231    -2.547751
v   105.286354  -242.268751     4.697169
v   122.758094  -235.953851    -2.450511
v   139.739264  -227.399261    -6.374091
v   156.819954  -215.082211    -1.050961
v   174.438114  -200.072191    -3.945431
v   189.115884  -182.494121    -2.414601
v   202.877364  -164.891861    -8.866851
v   215.900294  -148.979081     0.777639
v   228.127534  -133.318061    -3.964721
v   240.568644  -117.200641     6.483189
v   253.141734  -100.321531     0.729419
v   265.305514   -82.744231    -3.440251
v   275.060674   -63.762541     0.504759
v   281.182034   -42.157721     0.124389
v   285.978454   -22.856201    -3.420471
v   285.988294     1.183179   -19.285451
v   285.707044    23.276849   -22.922231
v   282.939934    47.198009   -26.009651
v   277.203564    69.368549   -23.537271
v   270.528774    92.920559   -31.330571
v   262.737934   114.826169   -23.098271
v   252.486524   136.754509   -18.391471
v   238.016754   151.062409   -30.273001
v   219.705194   166.371799   -19.693541
v   201.051374   181.516039   -13.058131
v   182.373314   195.897089   -25.541071
v   164.064114   209.942549   -26.145991
v   146.297344   222.341039   -29.787821
v   127.460594   230.877729   -22.875551
v   106.042224   237.707949   -23.007911
v    85.198834   244.844189   -28.088501
v    65.174724   252.426129   -27.576061
v    45.118814   257.891899   -28.418671
v    24.371484   258.615249   -22.604261
v    -2.838576   259.086869   -22.808011
v    -3.742646   258.877199   -27.507301
v   -49.121386   259.981089   -22.304121
v   -64.131106   258.441189   -20.945681
v   -88.015106   251.728249   -10.205991
v  -111.146336   245.433749   -12.985271
v  -131.514016   237.210759   -20.918791
v  -153.113766   226.583049   -25.680361
v  -173.204666   213.613249   -23.979091
v  -188.754856   197.179339   -27.553261
v  -203.037446   179.134999   -19.785751
v  -219.676986   165.408739   -15.524251
v  -235.679946   151.761469   -16.357021
v  -248.759926   135.940279   -23.681411
v  -258.933946   112.382139   -22.741911
v  -264.097636    92.070569   -13.521851
v  -266.428336    63.550889   -21.285331
v  -269.086026    40.496429   -15.920221
v  -270.867276    17.164589   -17.245061
v  -273.082356    -5.611971   -19.945831
v  -272.752686   -24.944871   -39.353711
v  -271.328736   -44.823151   -24.628701
v  -266.682816   -65.690441   -20.386961
v  -258.659756   -84.433711   -26.508601
v  -248.291286  -105.537671   -23.073241
v  -237.513246  -125.009531   -20.111831
v  -227.195436  -142.895941   -22.255471
v  -217.558356  -160.612771    -9.374881
v  -203.559856  -177.078171   -13.299101
v  -185.261176  -193.156461   -17.441321
v  -166.317376  -208.097571   -19.993301
v  -147.543176  -220.196951   -18.821991
v  -128.652706  -230.348321   -19.583891
v  -108.557886  -238.939261   -19.836541
v   -86.218436  -246.649131   -23.798131
v   -73.630746  -251.917521   -11.833801
v   -38.212286  -254.036991   -23.065601
v   -20.691806  -258.230531   -18.956411
v    -0.046516  -260.970181   -26.278501
v    19.377554  -262.870981    -9.825201
v    45.424264  -260.189571   -15.587311
v    66.869234  -255.189341   -26.275081
v    90.675134  -248.894621   -28.119771
v   110.519584  -242.548851   -25.588951
v   128.828274  -235.109881   -27.553531
v   145.751244  -224.560951   -39.148651
v   163.729204  -208.974471   -19.622781
v   181.357114  -192.472001   -23.889971
v   196.235504  -173.969091   -27.832951
v   209.766074  -156.306341   -19.927321
v   222.788804  -139.493601   -23.920831
v   236.158194  -122.506061   -21.632881
v   250.305124  -105.108661   -23.036711
v   263.908694   -86.703881   -24.485011
v   274.207654   -67.903271    -5.740351
v   281.060264   -45.620071   -15.011871
v   284.465364   -28.148251   -16.067521
v   283.965694     0.193469   -40.759151
v   284.668994    25.948559   -38.000311
v   281.553434    47.481579   -37.656901
v   275.341894    75.103459   -46.243251
v   268.522754    98.352519   -38.889921
v   256.504204   119.199329   -37.364671
v   245.101854   141.654449   -39.121081
v   228.672534   158.130179   -38.237141
v   209.434104   173.194239   -42.482921
v   189.827574   188.740969   -43.293211
v   170.541474   204.474429   -49.676101
v   151.457304   218.425379   -45.457721
v   133.368124   229.709919   -41.106581
v   112.088644   236.511519   -42.714221
v    90.262964   242.972039   -41.264901
v    69.871254   249.631019   -36.648641
v    44.716874   255.413969   -40.052441
v    26.021684   256.812309   -41.121991
v    -2.390036   258.261139   -42.650931
v   -18.747986   258.912319   -48.904401
v   -45.000146   260.614829   -40.940541
v   -69.242806   258.541139   -38.877331
v   -93.086986   253.557349   -39.825101
v  -115.938896   246.323149   -41.808861
v  -137.013696   235.930409   -45.597661
v  -157.879526   221.409659   -45.275561
v  -177.740456   205.070469   -43.834771
v  -194.275656   184.255089   -43.733961
v  -211.223026   167.947749   -40.110931
v  -227.186066   153.272609   -38.732401
v  -242.777036   138.877459   -45.869101
v  -253.820306   118.383579   -40.782501
v  -261.573356    92.208299   -41.276361
v  -266.060936    72.532019   -42.446921
v  -269.005916    49.616569   -45.862721
v  -270.737976    19.553319   -49.237511
v  -272.893026    -0.642851   -42.204041
v  -270.559886   -29.363211   -43.869571
v  -266.964686   -45.969631   -40.643261
v  -261.459186   -68.500141   -41.066281
v  -253.297746   -92.063801   -40.284731
v  -242.424396  -111.905191   -41.304441
v  -231.207236  -131.438381   -39.609571
v  -220.476666  -148.815211   -39.353631
v  -207.804076  -165.784761   -40.225301
v  -192.756076  -185.172741   -36.833361
v  -173.509476  -201.882051   -49.919501
v  -153.919666  -216.676111   -29.720361
v  -132.877016  -227.564021   -39.257461
v  -114.182266  -236.548021   -41.843821
v   -91.862726  -243.838011   -40.115301
v   -69.106396  -250.282261   -35.054921
v   -40.661396  -253.471941   -43.970481
v   -23.343956  -257.823311   -37.623311
v     2.653174  -260.690591   -36.239561
v    20.834424  -260.969621   -42.013651
v    44.460744  -258.396911   -43.251171
v    68.101974  -253.063741   -45.351271
v    92.286244  -246.635401   -46.813291
v   112.787754  -239.589521   -45.665581
v   136.021364  -230.865181   -39.613771
v   152.427014  -218.157431   -45.603091
v   171.023084  -201.379051   -33.206531
v   188.538694  -183.945461   -47.346131
v   203.045944  -165.073451   -42.498141
v   216.656494  -146.464721   -45.558211
v   231.048544  -128.479701   -44.341611
v   246.192524  -109.864581   -44.704971
v   261.157714   -91.272231   -41.148121
v   272.003464   -70.083431   -44.507371
v   279.093624   -48.694121   -42.684781
v   282.349864   -27.228201   -40.349101
v   280.875504    -5.772761   -61.457861
v   280.384984    30.162959   -58.248821
v   277.914224    51.469959   -62.472211
v   271.005824    77.815889   -62.903661
v   260.733944   100.457979   -63.877391
v   250.016334   126.992109   -66.509471
v   235.939304   147.022649   -67.448861
v   218.092374   163.310509   -68.276091
v   198.631054   179.397869   -64.136071
v   178.842124   195.495699   -60.542981
v   158.608204   210.672689   -56.473771
v   137.888604   223.494199   -58.001731
v   117.605894   231.585799   -57.205161
v    93.870434   237.330069   -57.864071
v    70.611454   242.971299   -57.692531
v    49.572744   247.963399   -57.684041
v    29.170404   251.151509   -58.227801
v    -2.136846   253.872049   -57.518671
v   -20.668426   258.072029   -55.710851
v   -44.951986   259.613459   -62.583591
v   -72.259686   256.398749   -57.333011
v   -97.801306   250.334279   -56.808131
v  -121.583356   241.987279   -56.186261
v  -140.791516   230.872859   -66.221591
v  -162.154126   214.012209   -68.197181
v  -180.939366   192.363079   -65.924151
v  -199.284266   171.473409   -64.955221
v  -216.701016   154.127099   -66.924321
v  -234.627086   139.549169   -69.936851
v  -245.771596   120.719919   -66.950861
v  -254.902246    97.890369   -62.806381
v  -261.515616    72.345869   -61.045931
v  -265.253626    48.841559   -62.398811
v  -267.288916    17.135059   -63.645781
v  -267.287856    -7.290451   -63.123021
v  -264.597016   -26.527631   -63.772451
v  -259.864216   -47.438061   -61.975221
v  -254.045086   -70.955941   -65.092171
v  -245.270176   -93.969541   -64.342111
v  -233.996876  -115.297271   -61.816301
v  -222.482196  -135.122911   -59.816021
v  -210.562506  -154.060701   -60.410451
v  -196.966416  -174.210401   -60.630141
v  -179.161206  -193.341571   -65.475871
v  -160.142206  -211.149441   -56.495221
v  -139.359026  -223.334931   -61.124031
v  -120.112246  -232.930701   -58.297681
v   -98.132346  -240.125171   -58.041781
v   -73.503316  -246.169351   -62.008311
v   -48.581386  -251.026871   -61.681701
v   -28.242356  -254.460011   -56.518501
v    -2.596586  -256.766971   -57.843821
v    32.211804  -256.571531   -58.685901
v    51.376934  -253.724501   -60.200911
v    73.479444  -248.706791   -60.282481
v    97.691414  -242.589641   -60.290441
v   118.674684  -234.675181   -59.661631
v   140.022584  -224.039411   -62.571981
v   158.656154  -209.763701   -62.754101
v   178.045164  -192.570401   -62.806341
v   195.628294  -174.495121   -68.004891
v   210.386234  -154.501301   -63.642071
v   225.281724  -135.003981   -68.784471
v   240.830834  -114.957861   -59.874531
v   256.632654   -95.480911   -60.443401
v   268.287234   -74.240021   -58.177051
v   275.469554   -52.370581   -62.428071
v   278.812234   -25.358051   -66.242061
v   273.907514    -2.852761   -81.462091
v   272.088794    30.384469   -82.609801
v   270.449844    53.794629   -85.467851
v   262.829214    82.382129   -85.702541
v   253.608024   108.798909   -84.322021
v   241.225164   132.224289   -82.298841
v   225.421514   151.004339   -82.577081
v   206.696224   167.250179   -84.778221
v   185.688604   182.872349   -85.612741
v   164.513034   198.112499   -83.502151
v   140.918144   212.330789   -84.046681
v   120.814944   221.624999   -80.037031
v    98.963704   228.657679   -78.921821
v    74.724184   234.704349   -79.279951
v    51.028024   239.984409   -79.289771
v    31.585954   243.757299   -78.872031
v    -1.972776   247.373569   -78.110141
v   -27.528326   251.800029   -80.803361
v   -49.021886   253.840369   -82.105211
v   -75.549296   249.904699   -80.156811
v  -100.684966   242.708479   -82.126981
v  -122.463376   234.143219   -83.986901
v  -146.848086   221.892019   -89.886031
v  -164.535936   202.693799   -89.278401
v  -184.749036   179.300219   -88.002131
v  -205.031036   158.050009   -85.197031
v  -222.450896   141.209669   -88.122651
v  -235.372186   127.101159   -84.634351
v  -245.841466   103.550949   -83.050831
v  -253.181496    78.577609   -79.772761
v  -258.331716    50.211869   -80.352221
v  -260.791046    25.591069   -79.539911
v  -260.607776    -5.991601   -82.657661
v  -256.900356   -22.806391   -85.196511
v  -251.194966   -54.045481   -83.805731
v  -245.490206   -73.310391   -84.613771
v  -236.224296   -98.100211   -83.276401
v  -224.974586  -119.804991   -80.717951
v  -212.638486  -140.806621   -79.772841
v  -199.024626  -161.216241   -81.986451
v  -183.703546  -182.189961   -80.989811
v  -165.749556  -201.314241   -78.195211
v  -144.477246  -215.614001   -79.282781
v  -123.406656  -225.645781   -79.366841
v   -99.440196  -233.426771   -80.482751
v   -76.045676  -240.706001   -82.545971
v   -49.769666  -245.856031   -82.759021
v   -22.064306  -249.233021   -80.609061
v    -4.049956  -249.933881   -79.804441
v    30.608574  -249.064841   -82.041771
v    52.267174  -246.641141   -81.344911
v    76.741294  -242.271041   -79.278381
v   100.647724  -236.216691   -79.276091
v   121.552364  -227.219221   -79.720761
v   145.212264  -215.464071   -81.203111
v   163.636704  -199.314341   -88.353291
v   186.053354  -182.378941   -80.183721
v   203.060674  -163.536861   -86.578661
v   218.941384  -142.314161   -88.859691
v   234.727904  -121.337621   -74.829291
v   249.454734  -100.284751   -75.481991
v   261.021064   -75.320621   -83.326751
v   269.219414   -49.345861   -88.236171
v   272.398784   -27.091691   -84.418661
v   269.189414     6.891029   -93.889521
v   267.299044    23.254399   -98.183571
v   258.269254    58.245239  -100.266211
v   251.405584    85.372009   -99.788401
v   236.385004   109.866049   -99.034121
v   228.905454   141.510979   -92.549171
v   213.076984   150.845619  -108.804681
v   191.970774   169.814769  -108.069811
v   169.760114   185.115619  -110.843821
v   148.902674   199.289859  -109.023061
v   125.337814   210.153839  -105.437701
v   101.596914   218.916029  -103.290201
v    77.108334   226.332189  -101.999991
v    51.703234   232.362379  -101.210531
v    30.369834   236.830459   -99.800491
v    -2.977386   240.922389   -98.263651
v   -28.536046   246.000539  -100.848911
v   -54.412086   247.401399  -103.369561
v   -78.786686   242.132109  -102.663641
v  -105.057376   233.692129  -101.020221
v  -128.989636   224.339659  -103.694281
v  -147.278406   211.014469  -107.246761
v  -168.402286   189.288139  -104.067301
v  -189.491476   166.197609  -105.373941
v  -207.905456   144.512579  -107.736181
v  -224.170606   126.586519  -105.710831
v  -234.998396   102.940689  -104.012161
v  -242.440326    79.639279  -101.456051
v  -248.257156    53.438709  -100.205931
v  -251.079456    30.237889   -98.553831
v  -251.648176    -6.511491  -101.557211
v  -248.267196   -24.678721  -103.548911
v  -242.869936   -52.424871  -103.988151
v  -236.240566   -75.047431  -103.976561
v  -227.007136  -101.429651  -102.174941
v  -215.053586  -123.908391  -102.048591
v  -201.492376  -147.546421  -101.403761
v  -186.617446  -168.230151  -102.758321
v  -169.541536  -187.970141  -101.595931
v  -149.131206  -204.383501   -97.995471
v  -128.503136  -217.045971   -97.943111
v  -103.169986  -226.576811   -98.685181
v   -79.813486  -234.156781  -100.145951
v   -53.488566  -239.784221  -100.943111
v   -31.892926  -242.449071  -100.442191
v   -15.230556  -243.213611  -101.129311
v    34.689294  -242.064831  -101.065291
v    52.994834  -240.015421  -100.719381
v    78.338344  -235.632061   -97.744891
v   103.266314  -229.245511   -97.444871
v   124.846734  -218.650111   -99.291831
v   147.936584  -205.311141  -103.145791
v   170.177044  -188.302051  -101.843831
v   191.645824  -169.863641   -98.967921
v   210.068744  -149.157381   -98.153391
v   224.917554  -126.434121   -95.728971
v   238.713644  -103.550561   -95.559621
v   252.490964   -80.977231   -99.795181
v   261.215834   -59.953371   -98.636771
v   266.232134   -22.531401   -92.638491
v   253.951114     5.275589  -110.161811
v   252.456334    23.139659  -114.050311
v   244.262664    63.679919  -115.602641
v   236.851744    78.413099  -117.276251
v   225.087434   109.702659  -110.698251
v   214.496824   146.230079  -114.157581
v   197.523254   159.311729  -124.483361
v   174.476204   171.382809  -133.091841
v   152.661364   187.839989  -133.206961
v   129.419464   199.778669  -128.997731
v   103.948404   209.950569  -124.224671
v    78.596374   218.779689  -122.036331
v    50.364964   225.711849  -121.432981
v    30.104914   229.120139  -116.112581
v     0.940734   234.515509  -113.585661
v   -29.864736   239.867219  -119.523401
v   -53.965486   240.560629  -123.798601
v   -80.869696   232.240779  -120.744811
v  -109.764626   221.157399  -123.128471
v  -129.361656   210.459719  -119.423851
v  -153.726426   195.929069  -117.172511
v  -172.805636   174.602999  -121.229081
v  -194.575386   153.278959  -117.331001
v  -210.369286   130.681629  -116.922191
v  -222.539296   107.391779  -123.861401
v  -230.890136    82.599559  -122.964531
v  -237.335486    53.880619  -121.768061
v  -240.750656    26.892919  -119.799261
v  -241.782616    -7.470301  -121.157441
v  -238.981456   -26.664461  -122.746971
v  -233.813256   -54.674701  -122.704541
v  -226.676896   -79.825861  -121.833191
v  -216.854146  -105.759581  -119.937381
v  -203.920736  -130.409691  -120.573601
v  -189.127396  -153.228201  -124.153331
v  -172.266796  -173.038591  -126.085541
v  -152.731266  -190.961251  -121.387871
v  -132.200746  -206.445981  -117.007321
v  -108.978986  -218.778881  -116.275681
v   -81.631556  -227.857541  -115.866471
v   -57.134656  -233.579231  -117.027491
v   -31.702116  -236.464181  -117.930941
v   -11.359256  -237.271561  -118.816951
v    27.288064  -236.597501  -118.303221
v    53.322414  -233.616961  -116.961331
v    81.338684  -229.045871  -113.461911
v   107.687494  -222.014551  -111.457701
v   132.687274  -211.777751  -106.113011
v   153.888934  -194.298111  -110.199401
v   174.004684  -176.189221  -108.092971
v   195.042004  -153.931911  -105.676221
v   213.540614  -130.422291  -103.452601
v   225.745024  -104.508111  -105.877631
v   238.703124   -80.524861  -110.902021
v   247.153794   -60.227361  -112.919611
v   248.450114   -21.220701  -108.116091
v   236.817224     0.744039  -123.285801
v   237.021154    28.513289  -128.397191
v   229.599984    59.908169  -127.747181
v   221.983864    83.812589  -128.865951
v   209.621474   114.752159  -127.760501
v   197.083664   150.982519  -131.801211
v   176.007994   166.679139  -140.980571
v   156.754734   178.263009  -147.158561
v   136.838244   190.928429  -143.185521
v   108.542874   201.741129  -138.325951
v    81.532054   211.659679  -136.073931
v    56.168994   219.477949  -134.836731
v    19.717624   222.632259  -126.721161
v    -2.850676   227.169579  -130.098281
v   -32.357346   233.550859  -138.355081
v   -50.905766   232.506199  -135.404201
v   -86.387036   222.799699  -137.278801
v  -108.789056   207.842129  -138.420751
v  -131.735556   194.547409  -135.164351
v  -153.537966   176.114849  -135.252031
v  -174.516996   158.274219  -132.904071
v  -190.737116   132.075629  -131.173771
v  -209.088066   106.453179  -136.457291
v  -219.862916    84.218529  -141.639411
v  -225.768186    56.178879  -143.502171
v  -229.388586    24.046869  -142.953291
v  -231.268806    -4.912061  -141.964711
v  -228.689886   -27.848361  -143.439261
v  -223.477766   -57.489261  -142.957261
v  -216.222906   -81.981221  -142.167591
v  -205.323756  -107.745441  -142.309461
v  -190.925816  -134.853691  -144.119561
v  -176.075646  -156.462161  -147.810951
v  -157.892696  -176.138101  -143.109481
v  -134.304816  -193.436011  -142.808971
v  -108.684766  -209.571541  -139.082471
v   -82.500426  -221.271691  -133.046711
v   -57.976026  -226.744151  -125.901631
v   -33.882516  -232.077131  -127.861681
v    -2.158376  -232.122901  -133.536521
v    27.109744  -231.057441  -132.859571
v    53.894464  -228.214631  -123.343941
v    82.192964  -218.713391  -123.787341
v   104.569714  -208.556411  -124.907771
v   129.488374  -192.350481  -125.184091
v   152.516614  -177.625531  -124.079011
v   175.279914  -153.160571  -119.134351
v   194.408374  -130.429601  -117.942291
v   208.398554  -106.426861  -118.466101
v   221.343404   -81.011411  -121.876381
v   232.567604   -55.127721  -126.612051
v   234.333694   -18.036571  -122.735241
v   220.608394    -5.311281  -136.342711
v   220.576204    24.257289  -141.274391
v   213.353014    52.422909  -140.509701
v   206.999694    88.121299  -141.716981
v   194.187884   113.355499  -141.772061
v   178.794194   141.143569  -147.567151
v   160.418254   170.164829  -151.061531
v   131.998174   182.611779  -150.452011
v   101.613754   194.647959  -145.594881
v    86.153924   202.366579  -142.563061
v    60.898604   210.296989  -142.189781
v    24.141704   211.117919  -138.868971
v    -0.224436   214.580349  -141.168351
v   -32.895956   219.268879  -149.854901
v   -51.240016   214.390679  -155.180621
v   -79.812036   208.458549  -154.472361
v  -109.217756   192.687349  -151.101721
v  -132.123806   174.990879  -151.857421
v  -155.914186   154.890319  -150.559211
v  -173.439876   128.811009  -147.040741
v  -188.910336   107.197769  -149.656711
v  -203.151956    80.394719  -157.998301
v  -209.826696    55.909929  -159.970931
v  -216.205346    22.367169  -158.027131
v  -218.380856     3.176509  -157.228041
v  -215.202466   -28.456811  -157.623531
v  -211.529536   -52.860001  -156.522441
v  -203.700376   -85.077081  -154.936491
v  -192.050356  -113.221551  -155.739991
v  -176.494056  -136.467181  -163.239471
v  -158.697666  -152.685191  -168.237901
v  -134.579076  -177.204821  -161.321231
v  -115.878236  -196.873311  -151.548391
v   -90.083246  -211.419411  -144.815221
v   -44.894806  -215.073401  -142.548771
v   -26.742186  -218.050161  -142.533971
v     6.422554  -222.098211  -144.767811
v    25.087134  -219.217551  -144.408361
v    53.556384  -213.260161  -137.358941
v    84.203854  -204.140981  -137.155571
v   105.882674  -191.030041  -140.298571
v   131.674424  -174.175891  -137.688121
v   154.094734  -154.156101  -132.360021
v   173.714704  -132.231051  -129.140611
v   190.889844  -105.550361  -130.001141
v   203.108454   -79.802161  -134.087151
v   215.680644   -53.935941  -138.929491
v   220.101694   -33.663541  -137.644441
v   204.101184     3.659899  -150.292321
v   201.193844    34.118889  -152.956181
v   196.216674    59.636059  -156.087791
v   189.820374    81.185099  -157.388821
v   174.005264   114.785289  -157.174301
v   160.226454   140.236579  -157.071571
v   137.418294   158.719639  -157.605621
v   113.425594   179.346919  -154.521361
v    84.123244   189.036539  -153.395811
v    58.322904   194.956209  -153.142811
v    33.554384   197.868809  -152.429591
v     2.198794   199.784239  -156.352301
v   -36.020196   205.327119  -162.130361
v   -58.972356   204.212689  -162.397021
v   -88.587446   188.476379  -162.611081
v  -113.809286   172.010129  -164.123511
v  -135.751566   153.601279  -165.102451
v  -150.108756   131.191919  -165.652411
v  -167.239906   107.447059  -164.389441
v  -184.524236    80.984699  -171.032211
v  -195.093866    59.676239  -172.176461
v  -201.378276    29.142889  -171.130241
v  -201.769636    -0.025391  -172.532051
v  -197.085126   -26.612981  -173.614721
v  -192.353006   -53.553961  -174.545891
v  -185.193476   -78.401941  -173.452371
v  -176.133066  -108.716171  -170.413501
v  -156.946266  -144.401701  -173.710161
v  -142.207916  -156.229891  -175.495101
v  -118.826606  -176.930611  -167.630331
v   -95.914276  -193.599191  -159.235651
v   -67.079876  -204.445061  -154.146401
v   -30.757136  -203.194681  -155.446691
v     5.227534  -207.160981  -156.229451
v    31.551054  -205.212341  -152.510391
v    52.118194  -196.383081  -152.130861
v    83.259034  -187.065831  -149.923771
v   106.831794  -173.415391  -149.977961
v   129.019714  -150.480231  -146.641771
v   149.552264  -127.890401  -142.479591
v   168.736314  -105.681531  -141.743201
v   182.569344   -79.503861  -145.271841
v   194.632554   -54.540531  -148.483301
v   201.835354   -26.325571  -149.636201
v   185.749774    12.912349  -161.748491
v   185.057604    40.881199  -165.213341
v   180.606484    59.911799  -169.303601
v   169.188804    86.316459  -172.017031
v   156.683334   115.063479  -168.048291
v   135.021344   138.505909  -166.781251
v   114.497794   157.420899  -165.342571
v    90.753634   171.937889  -164.207851
v    62.173574   179.693409  -165.775671
v    23.952884   182.330909  -168.306431
v    -2.526356   186.980159  -169.009731
v   -30.430976   185.685279  -173.257761
v   -52.787216   181.720809  -172.478231
v   -88.082606   169.724279  -172.217561
v  -112.927796   153.883339  -173.079071
v  -134.859496   131.567819  -173.941121
v  -148.992146   106.959469  -177.089441
v  -163.596836    89.461979  -176.969761
v  -180.675016    64.305929  -177.729721
v  -185.851626    22.065329  -179.932511
v  -184.652886    -5.981421  -183.753281
v  -178.747786   -29.104911  -186.308841
v  -175.867576   -54.049071  -185.325721
v  -167.975946   -77.742501  -184.561731
v  -154.899146  -110.521121  -180.468551
v  -141.992716  -141.719031  -179.500261
v  -105.230276  -156.719671  -176.207671
v   -83.674346  -171.306661  -170.242201
v   -60.050846  -181.805511  -165.267791
v   -26.753656  -189.137371  -165.227481
v    -2.641096  -189.865211  -166.592531
v    27.247924  -183.107331  -163.969971
v    57.312234  -175.893031  -162.268941
v    84.966174  -161.837371  -163.116481
v   104.231134  -147.151381  -158.953491
v   126.596534  -125.220071  -154.990451
v   147.373234  -103.309591  -154.517151
v   163.100984   -79.604851  -156.021601
v   176.443914   -50.091771  -159.201821
v   184.955844   -19.130171  -160.726371
v   169.075824     6.955509  -172.532641
v   166.485394    32.814999  -176.733601
v   161.995454    64.627119  -179.345721
v   150.670014    88.919279  -182.362321
v   133.894114   112.247829  -179.525841
v   113.476834   131.488329  -177.214201
v    91.420364   149.055049  -175.785741
v    63.754704   162.188559  -178.172931
v    47.374724   168.908139  -176.109441
v    16.893304   167.833719  -177.398871
v   -31.988846   170.380739  -179.618761
v   -58.443986   163.015499  -180.525501
v   -86.883056   151.333189  -180.203961
v  -110.691016   131.612819  -180.779041
v  -132.030436   109.405369  -182.851181
v  -147.242976    92.364409  -182.102671
v  -160.477516    60.266059  -183.608401
v  -166.786686    26.855659  -185.572991
v  -168.157356    -9.185831  -191.318881
v  -162.932346   -29.037041  -193.293051
v  -159.060556   -50.937731  -192.303121
v  -154.381316   -76.641271  -188.888241
v  -138.410256  -107.915141  -184.910261
v  -116.283306  -125.882971  -183.628061
v   -81.728536  -149.386481  -180.218221
v   -51.372526  -159.791201  -175.967331
v   -30.565946  -166.145591  -174.200081
v    -0.888536  -168.991201  -176.560921
v    27.585284  -162.858631  -175.063021
v    58.781444  -156.605601  -172.110871
v    79.037834  -143.868301  -171.792101
v   103.381904  -121.969251  -166.802921
v   124.853994  -102.299041  -164.358111
v   142.762544   -78.456771  -166.064191
v   156.912704   -50.278801  -168.891241
v   166.897204   -22.891061  -170.807861
v   151.097114     9.778719  -179.672391
v   149.035154    41.878539  -184.213751
v   142.123924    68.198099  -187.215011
v   128.943964    90.701159  -190.057631
v   109.427054   105.689379  -190.153901
v    84.860814   125.595119  -187.458751
v    66.733604   143.301029  -184.794911
v    39.066264   150.326279  -184.505721
v     6.997194   152.469029  -184.278141
v   -29.793376   151.946809  -186.394411
v   -59.430376   145.408739  -186.437731
v   -86.878256   130.279729  -186.161481
v  -112.273266   109.602069  -187.192011
v  -128.156906    84.600179  -187.911571
v  -142.365266    58.463009  -188.523121
v  -148.602096    27.452219  -191.177211
v  -147.927936    -5.911921  -196.693041
v  -144.787846   -28.543881  -198.055541
v  -141.955076   -52.768611  -196.396471
v  -133.996126   -78.459481  -192.617661
v  -114.787506  -105.238511  -189.003061
v   -78.313506  -126.456401  -186.686821
v   -47.211156  -140.704681  -183.827811
v   -29.466076  -147.062641  -183.105741
v    -1.092746  -152.798461  -184.070141
v    23.281904  -147.609741  -182.039101
v    46.943054  -136.944251  -178.994141
v    81.281274  -122.090351  -175.729251
v   103.574014  -100.319601  -173.003261
v   120.791214   -79.892071  -172.427721
v   136.383814   -54.002341  -175.180931
v   145.800664   -25.266171  -177.207641
v   131.342824     8.805069  -185.492411
v   129.902584    37.590309  -189.610191
v   120.057654    62.560139  -192.006531
v   110.705914    90.834229  -193.338651
v    89.252784   105.884539  -193.546251
v    65.726104   121.872349  -191.363101
v    38.183724   134.283869  -189.679941
v     4.124884   137.684499  -189.644831
v   -30.868616   135.189449  -191.491181
v   -57.691096   124.683079  -192.099861
v   -88.814336   107.506059  -192.047801
v  -105.881006    84.655459  -192.612391
v  -121.304546    57.718429  -193.573291
v  -130.875006    28.658699  -195.728331
v  -131.838296    -5.044681  -200.757541
v  -130.874936   -27.830951  -201.197871
v  -126.606376   -56.129721  -199.527801
v  -109.249496   -79.999201  -198.101551
v   -87.577156  -102.521591  -193.484601
v   -54.504266  -119.405611  -190.506741
v   -21.460246  -130.081981  -190.912091
v    -3.719076  -138.628121  -189.398611
v    18.859714  -128.597321  -188.151041
v    47.653724  -116.825581  -183.065061
v    78.053824  -103.519161  -181.122981
v   100.656164   -75.771401  -180.181161
v   116.377444   -47.814531  -182.449301
v   125.339864   -20.201041  -184.416741
v   113.097784     8.069839  -190.449781
v   108.716154    37.260829  -193.374421
v    99.413954    67.989839  -195.177381
v    80.529394    85.593669  -196.281431
v    58.948304   102.969429  -195.662451
v    31.352524   117.320869  -193.897991
v    -0.932666   122.365719  -193.636441
v   -32.948096   115.675619  -195.520681
v   -59.430506   103.192949  -196.968031
v   -81.626456    85.795169  -197.981091
v   -99.698626    56.777659  -199.778411
v  -112.043666    22.856849  -201.477891
v  -120.513546    -2.401511  -202.853061
v  -117.106826   -28.963691  -203.313221
v  -109.133846   -58.000901  -202.065041
v   -86.961636   -79.803311  -200.287591
v   -60.512356   -97.760261  -197.726841
v   -29.562096  -111.917571  -195.831791
v    -5.030636  -124.484551  -192.902631
v    21.914244  -108.868121  -192.994681
v    55.127674   -93.623141  -190.409041
v    79.157204   -76.697991  -187.114211
v    95.612404   -52.164891  -187.654801
v   106.951444   -24.381231  -188.847221
v    91.995064     4.904479  -194.085331
v    91.226964    38.894889  -196.474721
v    76.491754    58.424329  -197.804331
v    55.524554    79.360479  -198.201371
v    31.298744    96.725429  -197.195401
v    -0.642436   103.307209  -196.857801
v   -32.393146    94.621119  -198.668641
v   -59.780126    79.573789  -200.423011
v   -84.447096    57.500019  -201.949401
v   -97.273176    31.418609  -203.301371
v  -104.210986     2.998749  -204.296131
v  -100.948656   -31.804661  -204.490931
v   -85.419436   -56.485931  -203.638101
v   -64.058096   -77.144041  -201.939741
v   -41.480526   -93.522081  -199.630911
v    -3.335126   -98.488831  -196.733411
v    32.779924   -92.955161  -195.239151
v    50.281384   -76.183051  -194.805981
v    69.992454   -55.853261  -192.844791
v    84.646144   -27.525161  -192.658861
v    74.963814    10.649349  -198.017011
v    70.188404    32.142909  -199.153271
v    51.760334    55.975159  -199.801401
v    27.869284    73.553369  -199.875291
v     2.108104    83.846029  -199.408341
v   -30.721186    72.901539  -201.118551
v   -58.368366    54.892709  -202.784991
v   -74.410636    28.667009  -204.185161
v   -85.077696     0.445329  -205.041751
v   -82.212606   -30.848011  -205.117451
v   -60.644416   -51.514111  -204.378661
v   -41.379796   -71.631341  -202.829641
v   -10.789206   -77.909981  -199.907161
v    24.740304   -71.441091  -198.504861
v    47.366844   -49.413891  -198.204261
v    66.764524   -23.130461  -196.821881
v    57.531834     1.793419  -200.115641
v    48.322734    29.722509  -200.754331
v    26.653674    53.537989  -201.348241
v    -7.580556    61.891259  -201.810291
v   -33.682466    46.389159  -203.614281
v   -53.066466    25.612729  -205.009341
v   -65.753816    -4.203591  -205.468091
v   -55.936746   -28.377861  -205.129711
v   -33.185166   -53.422571  -204.578651
v    -5.584926   -59.079381  -202.159981
v    20.949684   -47.321051  -201.395701
v    44.857144   -25.112901  -200.605711
v    36.790964     0.130259  -201.807801
v    26.023874    26.810829  -202.370321
v     2.983364    43.323649  -202.822281
v   -26.416126    27.596719  -204.650371
v   -45.308526     4.373979  -205.573421
v   -34.779486   -28.366471  -205.298921
v   -10.801606   -40.211751  -204.310721
v    19.075294   -25.594431  -202.871331
v    15.595894     1.710479  -203.405471
v    -4.205466    22.798679  -203.985371
v   -27.780056    -2.782011  -205.304791
v    -6.181826   -21.271271  -204.590671
v    -5.820926     0.373539  -204.485551
f      1      2      3
f      1      3      4
f      1      4      5
f      1      5      2
f      2      6      7
f      7      3      2
f      3      7      8
f      3      8      9
f      9      4      3
f      4      9     10
f      4     10     11
f     11      5      4
f      5     11     12
f      5     12     13
f     13      2      5
f      2     13      6
f      6     14     15
f     15      7      6
f      7     15     16
f     16      8      7
f      8     16     17
f      8     17     18
f     18      9      8
f      9     18     19
f     19     10      9
f     10     19     20
f     10     20     21
f     21     11     10
f     11     21     22
f     22     12     11
f     12     22     23
f     12     23     24
f     24     13     12
f     13     24     25
f     25      6     13
f      6     25     14
f     14     26     27
f     27     15     14
f     15     27     28
f     28     16     15
f     16     28     29
f     29     17     16
f     17     29     30
f     17     30     31
f     31     18     17
f     18     31     32
f     32     19     18
f     19     32     33
f     33     20     19
f     20     33     34
f     20     34     35
f     35     21     20
f     21     35     36
f     36     22     21
f     22     36     37
f     37     23     22
f     23     37     38
f     23     38     39
f     39     24     23
f     24     39     40
f     40     25     24
f     25     40     41
f     41     14     25
f     14     41     26
f     26     42     43
f     43     27     26
f     27     43     44
f     44     28     27
f     28     44     45
f     45     29     28
f     29     45     46
f     46     30     29
f     30     46     47
f     30     47     48
f     48     31     30
f     31     48     49
f     49     32     31
f     32     49     50
f     50     33     32
f     33     50     51
f     51     34     33
f     34     51     52
f     34     52     53
f     53     35     34
f     35     53     54
f     54     36     35
f     36     54     55
f     55     37     36
f     37     55     56
f     56     38     37
f     38     56     57
f     38     57     58
f     58     39     38
f     39     58     59
f     59     40     39
f     40     59     60
f     60     41     40
f     41     60     61
f     61     26     41
f     26     61     42
f     42     62     63
f     63     43     42
f     43     63     64
f     64     44     43
f     44     64     65
f     65     45     44
f     45     65     66
f     66     46     45
f     46     66     67
f     67     47     46
f     47     67     68
f     47     68     69
f     69     48     47
f     48     69     70
f     70     49     48
f     49     70     71
f     71     50     49
f     50     71     72
f     72     51     50
f     51     72     73
f     73     52     51
f     52     73     74
f     52     74     75
f     75     53     52
f     53     75     76
f     76     54     53
f     54     76     77
f     77     55     54
f     55     77     78
f     78     56     55
f     56     78     79
f     79     57     56
f     57     79     80
f     57     80     81
f     81     58     57
f     58     81     82
f     82     59     58
f     59     82     83
f     83     60     59
f     60     83     84
f     84     61     60
f     61     84     85
f     85     42     61
f     42     85     62
f     62     86     87
f     87     63     62
f     63     87     88
f     88     64     63
f     64     88     89
f     89     65     64
f     65     89     90
f     90     66     65
f     66     90     91
f     91     67     66
f     67     91     92
f     92     68     67
f     68     92     93
f     68     93     94
f     94     69     68
f     69     94     95
f     95     70     69
f     70     95     96
f     96     71     70
f     71     96     97
f     97     72     71
f     72     97     98
f     98     73     72
f     73     98     99
f     99     74     73
f     74     99    100
f     74    100    101
f    101     75     74
f     75    101    102
f    102     76     75
f     76    102    103
f    103     77     76
f     77    103    104
f    104     78     77
f     78    104    105
f    105     79     78
f     79    105    106
f    106     80     79
f     80    106    107
f     80    107    108
f    108     81     80
f     81    108    109
f    109     82     81
f     82    109    110
f    110     83     82
f     83    110    111
f    111     84     83
f     84    111    112
f    112     85     84
f     85    112    113
f    113     62     85
f     62    113     86
f     86    114    115
f    115     87     86
f     87    115    116
f    116     88     87
f     88    116    117
f    117     89     88
f     89    117    118
f    118     90     89
f     90    118    119
f    119     91     90
f     91    119    120
f    120     92     91
f     92    120    121
f    121     93     92
f     93    121    122
f     93    122    123
f    123     94     93
f     94    123    124
f    124     95     94
f     95    124    125
f    125     96     95
f     96    125    126
f    126     97     96
f     97    126    127
f    127     98     97
f     98    127    128
f    128     99     98
f     99    128    129
f    129    100     99
f    100    129    130
f    100    130    131
f    131    101    100
f    101    131    132
f    132    102    101
f    102    132    133
f    133    103    102
f    103    133    134
f    134    104    103
f    104    134    135
f    135    105    104
f    105    135    136
f    136    106    105
f    106    136    137
f    137    107    106
f    107    137    138
f    107    138    139
f    139    108    107
f    108    139    140
f    140    109    108
f    109    140    141
f    141    110    109
f    110    141    142
f    142    111    110
f    111    142    143
f    143    112    111
f    112    143    144
f    144    113    112
f    113    144    145
f    145     86    113
f     86    145    114
f    114    146    147
f    147    115    114
f    115    147    148
f    148    116    115
f    116    148    149
f    149    117    116
f    117    149    150
f    150    118    117
f    118    150    151
f    151    119    118
f    119    151    152
f    152    120    119
f    120    152    153
f    153    121    120
f    121    153    154
f    154    122    121
f    122    154    155
f    122    155    156
f    156    123    122
f    123    156    157
f    157    124    123
f    124    157    158
f    158    125    124
f    125    158    159
f    159    126    125
f    126    159    160
f    160    127    126
f    127    160    161
f    161    128    127
f    128    161    162
f    162    129    128
f    129    162    163
f    163    130    129
f    130    163    164
f    130    164    165
f    165    131    130
f    131    165    166
f    166    132    131
f    132    166    167
f    167    133    132
f    133    167    168
f    168    134    133
f    134    168    169
f    169    135    134
f    135    169    170
f    170    136    135
f    136    170    171
f    171    137    136
f    137    171    172
f    172    138    137
f    138    172    173
f    138    173    174
f    174    139    138
f    139    174    175
f    175    140    139
f    140    175    176
f    176    141    140
f    141    176    177
f    177    142    141
f    142    177    178
f    178    143    142
f    143    178    179
f    179    144    143
f    144    179    180
f    180    145    144
f    145    180    181
f    181    114    145
f    114    181    146
f    146    182    183
f    183    147    146
f    147    183    184
f    184    148    147
f    148    184    185
f    185    149    148
f    149    185    186
f    186    150    149
f    150    186    187
f    187    151    150
f    151    187    188
f    188    152    151
f    152    188    189
f    189    153    152
f    153    189    190
f    190    154    153
f    154    190    191
f    191    155    154
f    155    191    192
f    155    192    193
f    193    156    155
f    156    193    194
f    194    157    156
f    157    194    195
f    195    158    157
f    158    195    196
f    196    159    158
f    159    196    197
f    197    160    159
f    160    197    198
f    198    161    160
f    161    198    199
f    199    162    161
f    162    199    200
f    200    163    162
f    163    200    201
f    201    164    163
f    164    201    202
f    164    202    203
f    203    165    164
f    165    203    204
f    204    166    165
f    166    204    205
f    205    167    166
f    167    205    206
f    206    168    167
f    168    206    207
f    207    169    168
f    169    207    208
f    208    170    169
f    170    208    209
f    209    171    170
f    171    209    210
f    210    172    171
f    172    210    211
f    211    173    172
f    173    211    212
f    173    212    213
f    213    174    173
f    174    213    214
f    214    175    174
f    175    214    215
f    215    176    175
f    176    215    216
f    216    177    176
f    177    216    217
f    217    178    177
f    178    217    218
f    218    179    178
f    179    218    219
f    219    180    179
f    180    219    220
f    220    181    180
f    181    220    221
f    221    146    181
f    146    221    182
f    182    222    223
f    223    183    182
f    183    223    224
f    224    184    183
f    184    224    225
f    225    185    184
f    185    225    226
f    226    186    185
f    186    226    227
f    227    187    186
f    187    227    228
f    228    188    187
f    188    228    229
f    229    189    188
f    189    229    230
f    230    190    189
f    190    230    231
f    231    191    190
f    191    231    232
f    232    192    191
f    192    232    233
f    192    233    234
f    234    193    192
f    193    234    235
f    235    194    193
f    194    235    236
f    236    195    194
f    195    236    237
f    237    196    195
f    196    237    238
f    238    197    196
f    197    238    239
f    239    198    197
f    198    239    240
f    240    199    198
f    199    240    241
f    241    200    199
f    200    241    242
f    242    201    200
f    201    242    243
f    243    202    201
f    202    243    244
f    202    244    245
f    245    203    202
f    203    245    246
f    246    204    203
f    204    246    247
f    247    205    204
f    205    247    248
f    248    206    205
f    206    248    249
f    249    207    206
f    207    249    250
f    250    208    207
f    208    250    251
f    251    209    208
f    209    251    252
f    252    210    209
f    210    252    253
f    253    211    210
f    211    253    254
f    254    212    211
f    212    254    255
f    212    255    256
f    256    213    212
f    213    256    257
f    257    214    213
f    214    257    258
f    258    215    214
f    215    258    259
f    259    216    215
f    216    259    260
f    260    217    216
f    217    260    261
f    261    218    217
f    218    261    262
f    262    219    218
f    219    262    263
f    263    220    219
f    220    263    264
f    264    221    220
f    221    264    265
f    265    182    221
f    182    265    222
f    222    266    267
f    267    223    222
f    223    267    268
f    268    224    223
f    224    268    269
f    269    225    224
f    225    269    270
f    270    226    225
f    226    270    271
f    271    227    226
f    227    271    272
f    272    228    227
f    228    272    273
f    273    229    228
f    229    273    274
f    274    230    229
f    230    274    275
f    275    231    230
f    231    275    276
f    276    232    231
f    232    276    277
f    277    233    232
f    233    277    278
f    233    278    279
f    279    234    233
f    234    279    280
f    280    235    234
f    235    280    281
f    281    236    235
f    236    281    282
f    282    237    236
f    237    282    283
f    283    238    237
f    238    283    284
f    284    239    238
f    239    284    285
f    285    240    239
f    240    285    286
f    286    241    240
f    241    286    287
f    287    242    241
f    242    287    288
f    288    243    242
f    243    288    289
f    289    244    243
f    244    289    290
f    244    290    291
f    291    245    244
f    245    291    292
f    292    246    245
f    246    292    293
f    293    247    246
f    247    293    294
f    294    248    247
f    248    294    295
f    295    249    248
f    249    295    296
f    296    250    249
f    250    296    297
f    297    251    250
f    251    297    298
f    298    252    251
f    252    298    299
f    299    253    252
f    253    299    300
f    300    254    253
f    254    300    301
f    301    255    254
f    255    301    302
f    255    302    303
f    303    256    255
f    256    303    304
f    304    257    256
f    257    304    305
f    305    258    257
f    258    305    306
f    306    259    258
f    259    306    307
f    307    260    259
f    260    307    308
f    308    261    260
f    261    308    309
f    309    262    261
f    262    309    310
f    310    263    262
f    263    310    311
f    311    264    263
f    264    311    312
f    312    265    264
f    265    312    313
f    313    222    265
f    222    313    266
f    266    314    315
f    315    267    266
f    267    315    316
f    316    268    267
f    268    316    317
f    317    269    268
f    269    317    318
f    318    270    269
f    270    318    319
f    319    271    270
f    271    319    320
f    320    272    271
f    272    320    321
f    321    273    272
f    273    321    322
f    322    274    273
f    274    322    323
f    323    275    274
f    275    323    324
f    324    276    275
f    276    324    325
f    325    277    276
f    277    325    326
f    326    278    277
f    278    326    327
f    278    327    328
f    328    279    278
f    279    328    329
f    329    280    279
f    280    329    330
f    330    281    280
f    281    330    331
f    331    282    281
f    282    331    332
f    332    283    282
f    283    332    333
f    333    284    283
f    284    333    334
f    334    285    284
f    285    334    335
f    335    286    285
f    286    335    336
f    336    287    286
f    287    336    337
f    337    288    287
f    288    337    338
f    338    289    288
f    289    338    339
f    339    290    289
f    290    339    340
f    290    340    341
f    341    291    290
f    291    341    342
f    342    292    291
f    292    342    343
f    343    293    292
f    293    343    344
f    344    294    293
f    294    344    345
f    345    295    294
f    295    345    346
f    346    296    295
f    296    346    347
f    347    297    296
f    297    347    348
f    348    298    297
f    298    348    349
f    349    299    298
f    299    349    350
f    350    300    299
f    300    350    351
f    351    301    300
f    301    351    352
f    352    302    301
f    302    352    353
f    302    353    354
f    354    303    302
f    303    354    355
f    355    304    303
f    304    355    356
f    356    305    304
f    305    356    357
f    357    306    305
f    306    357    358
f    358    307    306
f    307    358    359
f    359    308    307
f    308    359    360
f    360    309    308
f    309    360    361
f    361    310    309
f    310    361    362
f    362    311    310
f    311    362    363
f    363    312    311
f    312    363    364
f    364    313    312
f    313    364    365
f    365    266    313
f    266    365    314
f    314    366    367
f    367    315    314
f    315    367    368
f    368    316    315
f    316    368    369
f    369    317    316
f    317    369    370
f    370    318    317
f    318    370    371
f    371    319    318
f    319    371    372
f    372    320    319
f    320    372    373
f    373    321    320
f    321    373    374
f    374    322    321
f    322    374    375
f    375    323    322
f    323    375    376
f    376    324    323
f    324    376    377
f    377    325    324
f    325    377    378
f    378    326    325
f    326    378    379
f    379    327    326
f    327    379    380
f    327    380    381
f    381    328    327
f    328    381    382
f    382    329    328
f    329    382    383
f    383    330    329
f    330    383    384
f    384    331    330
f    331    384    385
f    385    332    331
f    332    385    386
f    386    333    332
f    333    386    387
f    387    334    333
f    334    387    388
f    388    335    334
f    335    388    389
f    389    336    335
f    336    389    390
f    390    337    336
f    337    390    391
f    391    338    337
f    338    391    392
f    392    339    338
f    339    392    393
f    393    340    339
f    340    393    394
f    340    394    395
f    395    341    340
f    341    395    396
f    396    342    341
f    342    396    397
f    397    343    342
f    343    397    398
f    398    344    343
f    344    398    399
f    399    345    344
f    345    399    400
f    400    346    345
f    346    400    401
f    401    347    346
f    347    401    402
f    402    348    347
f    348    402    403
f    403    349    348
f    349    403    404
f    404    350    349
f    350    404    405
f    405    351    350
f    351    405    406
f    406    352    351
f    352    406    407
f    407    353    352
f    353    407    408
f    353    408    409
f    409    354    353
f    354    409    410
f    410    355    354
f    355    410    411
f    411    356    355
f    356    411    412
f    412    357    356
f    357    412    413
f    413    358    357
f    358    413    414
f    414    359    358
f    359    414    415
f    415    360    359
f    360    415    416
f    416    361    360
f    361    416    417
f    417    362    361
f    362    417    418
f    418    363    362
f    363    418    419
f    419    364    363
f    364    419    420
f    420    365    364
f    365    420    421
f    421    314    365
f    314    421    366
f    366    422    423
f    423    367    366
f    367    423    424
f    424    368    367
f    368    424    425
f    425    369    368
f    369    425    426
f    426    370    369
f    370    426    427
f    427    371    370
f    371    427    428
f    428    372    371
f    372    428    429
f    429    373    372
f    373    429    430
f    430    374    373
f    374    430    431
f    431    375    374
f    375    431    432
f    432    376    375
f    376    432    433
f    433    377    376
f    377    433    434
f    434    378    377
f    378    434    435
f    435    379    378
f    379    435    436
f    436    380    379
f    380    436    437
f    380    437    438
f    438    381    380
f    381    438    439
f    439    382    381
f    382    439    440
f    440    383    382
f    383    440    441
f    441    384    383
f    384    441    442
f    442    385    384
f    385    442    443
f    443    386    385
f    386    443    444
f    444    387    386
f    387    444    445
f    445    388    387
f    388    445    446
f    446    389    388
f    389    446    447
f    447    390    389
f    390    447    448
f    448    391    390
f    391    448    449
f    449    392    391
f    392    449    450
f    450    393    392
f    393    450    451
f    451    394    393
f    394    451    452
f    394    452    453
f    453    395    394
f    395    453    454
f    454    396    395
f    396    454    455
f    455    397    396
f    397    455    456
f    456    398    397
f    398    456    457
f    457    399    398
f    399    457    458
f    458    400    399
f    400    458    459
f    459    401    400
f    401    459    460
f    460    402    401
f    402    460    461
f    461    403    402
f    403    461    462
f    462    404    403
f    404    462    463
f    463    405    404
f    405    463    464
f    464    406    405
f    406    464    465
f    465    407    406
f    407    465    466
f    466    408    407
f    408    466    467
f    408    467    468
f    468    409    408
f    409    468    469
f    469    410    409
f    410    469    470
f    470    411    410
f    411    470    471
f    471    412    411
f    412    471    472
f    472    413    412
f    413    472    473
f    473    414    413
f    414    473    474
f    474    415    414
f    415    474    475
f    475    416    415
f    416    475    476
f    476    417    416
f    417    476    477
f    477    418    417
f    418    477    478
f    478    419    418
f    419    478    479
f    479    420    419
f    420    479    480
f    480    421    420
f    421    480    481
f    481    366    421
f    366    481    422
f    422    482    483
f    483    423    422
f    423    483    484
f    484    424    423
f    424    484    485
f    485    425    424
f    425    485    486
f    486    426    425
f    426    486    487
f    487    427    426
f    427    487    488
f    488    428    427
f    428    488    489
f    489    429    428
f    429    489    490
f    490    430    429
f    430    490    491
f    491    431    430
f    431    491    492
f    492    432    431
f    432    492    493
f    493    433    432
f    433    493    494
f    494    434    433
f    434    494    495
f    495    435    434
f    435    495    496
f    496    436    435
f    436    496    497
f    497    437    436
f    437    497    498
f    437    498    499
f    499    438    437
f    438    499    500
f    500    439    438
f    439    500    501
f    501    440    439
f    440    501    502
f    502    441    440
f    441    502    503
f    503    442    441
f    442    503    504
f    504    443    442
f    443    504    505
f    505    444    443
f    444    505    506
f    506    445    444
f    445    506    507
f    507    446    445
f    446    507    508
f    508    447    446
f    447    508    509
f    509    448    447
f    448    509    510
f    510    449    448
f    449    510    511
f    511    450    449
f    450    511    512
f    512    451    450
f    451    512    513
f    513    452    451
f    452    513    514
f    452    514    515
f    515    453    452
f    453    515    516
f    516    454    453
f    454    516    517
f    517    455    454
f    455    517    518
f    518    456    455
f    456    518    519
f    519    457    456
f    457    519    520
f    520    458    457
f    458    520    521
f    521    459    458
f    459    521    522
f    522    460    459
f    460    522    523
f    523    461    460
f    461    523    524
f    524    462    461
f    462    524    525
f    525    463    462
f    463    525    526
f    526    464    463
f    464    526    527
f    527    465    464
f    465    527    528
f    528    466    465
f    466    528    529
f    529    467    466
f    467    529    530
f    467    530    531
f    531    468    467
f    468    531    532
f    532    469    468
f    469    532    533
f    533    470    469
f    470    533    534
f    534    471    470
f    471    534    535
f    535    472    471
f    472    535    536
f    536    473    472
f    473    536    537
f    537    474    473
f    474    537    538
f    538    475    474
f    475    538    539
f    539    476    475
f    476    539    540
f    540    477    476
f    477    540    541
f    541    478    477
f    478    541    542
f    542    479    478
f    479    542    543
f    543    480    479
f    480    543    544
f    544    481    480
f    481    544    545
f    545    422    481
f    422    545    482
f    482    546    547
f    547    483    482
f    483    547    548
f    548    484    483
f    484    548    549
f    549    485    484
f    485    549    550
f    550    486    485
f    486    550    551
f    551    487    486
f    487    551    552
f    552    488    487
f    488    552    553
f    553    489    488
f    489    553    554
f    554    490    489
f    490    554    555
f    555    491    490
f    491    555    556
f    556    492    491
f    492    556    557
f    557    493    492
f    493    557    558
f    558    494    493
f    494    558    559
f    559    495    494
f    495    559    560
f    560    496    495
f    496    560    561
f    561    497    496
f    497    561    562
f    562    498    497
f    498    562    563
f    498    563    564
f    564    499    498
f    499    564    565
f    565    500    499
f    500    565    566
f    566    501    500
f    501    566    567
f    567    502    501
f    502    567    568
f    568    503    502
f    503    568    569
f    569    504    503
f    504    569    570
f    570    505    504
f    505    570    571
f    571    506    505
f    506    571    572
f    572    507    506
f    507    572    573
f    573    508    507
f    508    573    574
f    574    509    508
f    509    574    575
f    575    510    509
f    510    575    576
f    576    511    510
f    511    576    577
f    577    512    511
f    512    577    578
f    578    513    512
f    513    578    579
f    579    514    513
f    514    579    580
f    514    580    581
f    581    515    514
f    515    581    582
f    582    516    515
f    516    582    583
f    583    517    516
f    517    583    584
f    584    518    517
f    518    584    585
f    585    519    518
f    519    585    586
f    586    520    519
f    520    586    587
f    587    521    520
f    521    587    588
f    588    522    521
f    522    588    589
f    589    523    522
f    523    589    590
f    590    524    523
f    524    590    591
f    591    525    524
f    525    591    592
f    592    526    525
f    526    592    593
f    593    527    526
f    527    593    594
f    594    528    527
f    528    594    595
f    595    529    528
f    529    595    596
f    596    530    529
f    530    596    597
f    530    597    598
f    598    531    530
f    531    598    599
f    599    532    531
f    532    599    600
f    600    533    532
f    533    600    601
f    601    534    533
f    534    601    602
f    602    535    534
f    535    602    603
f    603    536    535
f    536    603    604
f    604    537    536
f    537    604    605
f    605    538    537
f    538    605    606
f    606    539    538
f    539    606    607
f    607    540    539
f    540    607    608
f    608    541    540
f    541    608    609
f    609    542    541
f    542    609    610
f    610    543    542
f    543    610    611
f    611    544    543
f    544    611    612
f    612    545    544
f    545    612    613
f    613    482    545
f    482    613    546
f    546    614    615
f    615    547    546
f    547    615    616
f    616    548    547
f    548    616    617
f    617    549    548
f    549    617    618
f    618    550    549
f    550    618    619
f    619    551    550
f    551    619    620
f    620    552    551
f    552    620    621
f    621    553    552
f    553    621    622
f    622    554    553
f    554    622    623
f    623    555    554
f    555    623    624
f    624    556    555
f    556    624    625
f    625    557    556
f    557    625    626
f    626    558    557
f    558    626    627
f    627    559    558
f    559    627    628
f    628    560    559
f    560    628    629
f    629    561    560
f    561    629    630
f    630    562    561
f    562    630    631
f    631    563    562
f    563    631    632
f    563    632    633
f    633    564    563
f    564    633    634
f    634    565    564
f    565    634    635
f    635    566    565
f    566    635    636
f    636    567    566
f    567    636    637
f    637    568    567
f    568    637    638
f    638    569    568
f    569    638    639
f    639    570    569
f    570    639    640
f    640    571    570
f    571    640    641
f    641    572    571
f    572    641    642
f    642    573    572
f    573    642    643
f    643    574    573
f    574    643    644
f    644    575    574
f    575    644    645
f    645    576    575
f    576    645    646
f    646    577    576
f    577    646    647
f    647    578    577
f    578    647    648
f    648    579    578
f    579    648    649
f    649    580    579
f    580    649    650
f    580    650    651
f    651    581    580
f    581    651    652
f    652    582    581
f    582    652    653
f    653    583    582
f    583    653    654
f    654    584    583
f    584    654    655
f    655    585    584
f    585    655    656
f    656    586    585
f    586    656    657
f    657    587    586
f    587    657    658
f    658    588    587
f    588    658    659
f    659    589    588
f    589    659    660
f    660    590    589
f    590    660    661
f    661    591    590
f    591    661    662
f    662    592    591
f    592    662    663
f    663    593    592
f    593    663    664
f    664    594    593
f    594    664    665
f    665    595    594
f    595    665    666
f    666    596    595
f    596    666    667
f    667    597    596
f    597    667    668
f    597    668    669
f    669    598    597
f    598    669    670
f    670    599    598
f    599    670    671
f    671    600    599
f    600    671    672
f    672    601    600
f    601    672    673
f    673    602    601
f    602    673    674
f    674    603    602
f    603    674    675
f    675    604    603
f    604    675    676
f    676    605    604
f    605    676    677
f    677    606    605
f    606    677    678
f    678    607    606
f    607    678    679
f    679    608    607
f    608    679    680
f    680    609    608
f    609    680    681
f    681    610    609
f    610    681    682
f    682    611    610
f    611    682    683
f    683    612    611
f    612    683    684
f    684    613    612
f    613    684    685
f    685    546    613
f    546    685    614
f    614    686    687
f    687    615    614
f    615    687    688
f    688    616    615
f    616    688    689
f    689    617    616
f    617    689    690
f    690    618    617
f    618    690    691
f    691    619    618
f    619    691    692
f    692    620    619
f    620    692    693
f    693    621    620
f    621    693    694
f    694    622    621
f    622    694    695
f    695    623    622
f    623    695    696
f    696    624    623
f    624    696    697
f    697    625    624
f    625    697    698
f    698    626    625
f    626    698    699
f    699    627    626
f    627    699    700
f    700    628    627
f    628    700    701
f    701    629    628
f    629    701    702
f    702    630    629
f    630    702    703
f    703    631    630
f    631    703    704
f    704    632    631
f    632    704    705
f    632    705    706
f    706    633    632
f    633    706    707
f    707    634    633
f    634    707    708
f    708    635    634
f    635    708    709
f    709    636    635
f    636    709    710
f    710    637    636
f    637    710    711
f    711    638    637
f    638    711    712
f    712    639    638
f    639    712    713
f    713    640    639
f    640    713    714
f    714    641    640
f    641    714    715
f    715    642    641
f    642    715    716
f    716    643    642
f    643    716    717
f    717    644    643
f    644    717    718
f    718    645    644
f    645    718    719
f    719    646    645
f    646    719    720
f    720    647    646
f    647    720    721
f    721    648    647
f    648    721    722
f    722    649    648
f    649    722    723
f    723    650    649
f    650    723    724
f    650    724    725
f    725    651    650
f    651    725    726
f    726    652    651
f    652    726    727
f    727    653    652
f    653    727    728
f    728    654    653
f    654    728    729
f    729    655    654
f    655    729    730
f    730    656    655
f    656    730    731
f    731    657    656
f    657    731    732
f    732    658    657
f    658    732    733
f    733    659    658
f    659    733    734
f    734    660    659
f    660    734    735
f    735    661    660
f    661    735    736
f    736    662    661
f    662    736    737
f    737    663    662
f    663    737    738
f    738    664    663
f    664    738    739
f    739    665    664
f    665    739    740
f    740    666    665
f    666    740    741
f    741    667    666
f    667    741    742
f    742    668    667
f    668    742    743
f    668    743    744
f    744    669    668
f    669    744    745
f    745    670    669
f    670    745    746
f    746    671    670
f    671    746    747
f    747    672    671
f    672    747    748
f    748    673    672
f    673    748    749
f    749    674    673
f    674    749    750
f    750    675    674
f    675    750    751
f    751    676    675
f    676    751    752
f    752    677    676
f    677    752    753
f    753    678    677
f    678    753    754
f    754    679    678
f    679    754    755
f    755    680    679
f    680    755    756
f    756    681    680
f    681    756    757
f    757    682    681
f    682    757    758
f    758    683    682
f    683    758    759
f    759    684    683
f    684    759    760
f    760    685    684
f    685    760    761
f    761    614    685
f    614    761    686
f    686    762    763
f    763    687    686
f    687    763    764
f    764    688    687
f    688    764    765
f    765    689    688
f    689    765    766
f    766    690    689
f    690    766    767
f    767    691    690
f    691    767    768
f    768    692    691
f    692    768    769
f    769    693    692
f    693    769    770
f    770    694    693
f    694    770    771
f    771    695    694
f    695    771    772
f    772    696    695
f    696    772    773
f    773    697    696
f    697    773    774
f    774    698    697
f    698    774    775
f    775    699    698
f    699    775    776
f    776    700    699
f    700    776    777
f    777    701    700
f    701    777    778
f    778    702    701
f    702    778    779
f    779    703    702
f    703    779    780
f    780    704    703
f    704    780    781
f    781    705    704
f    705    781    782
f    705    782    783
f    783    706    705
f    706    783    784
f    784    707    706
f    707    784    785
f    785    708    707
f    708    785    786
f    786    709    708
f    709    786    787
f    787    710    709
f    710    787    788
f    788    711    710
f    711    788    789
f    789    712    711
f    712    789    790
f    790    713    712
f    713    790    791
f    791    714    713
f    714    791    792
f    792    715    714
f    715    792    793
f    793    716    715
f    716    793    794
f    794    717    716
f    717    794    795
f    795    718    717
f    718    795    796
f    796    719    718
f    719    796    797
f    797    720    719
f    720    797    798
f    798    721    720
f    721    798    799
f    799    722    721
f    722    799    800
f    800    723    722
f    723    800    801
f    801    724    723
f    724    801    802
f    724    802    803
f    803    725    724
f    725    803    804
f    804    726    725
f    726    804    805
f    805    727    726
f    727    805    806
f    806    728    727
f    728    806    807
f    807    729    728
f    729    807    808
f    808    730    729
f    730    808    809
f    809    731    730
f    731    809    810
f    810    732    731
f    732    810    811
f    811    733    732
f    733    811    812
f    812    734    733
f    734    812    813
f    813    735    734
f    735    813    814
f    814    736    735
f    736    814    815
f    815    737    736
f    737    815    816
f    816    738    737
f    738    816    817
f    817    739    738
f    739    817    818
f    818    740    739
f    740    818    819
f    819    741    740
f    741    819    820
f    820    742    741
f    742    820    821
f    821    743    742
f    743    821    822
f    743    822    823
f    823    744    743
f    744    823    824
f    824    745    744
f    745    824    825
f    825    746    745
f    746    825    826
f    826    747    746
f    747    826    827
f    827    748    747
f    748    827    828
f    828    749    748
f    749    828    829
f    829    750    749
f    750    829    830
f    830    751    750
f    751    830    831
f    831    752    751
f    752    831    832
f    832    753    752
f    753    832    833
f    833    754    753
f    754    833    834
f    834    755    754
f    755    834    835
f    835    756    755
f    756    835    836
f    836    757    756
f    757    836    837
f    837    758    757
f    758    837    838
f    838    759    758
f    759    838    839
f    839    760    759
f    760    839    840
f    840    761    760
f    761    840    841
f    841    686    761
f    686    841    762
f    842    763    762
f    843    763    842
f    843    764    763
f    844    764    843
f    844    765    764
f    845    765    844
f    845    766    765
f    846    766    845
f    846    767    766
f    847    767    846
f    847    768    767
f    848    768    847
f    848    769    768
f    849    769    848
f    849    770    769
f    850    770    849
f    850    771    770
f    851    771    850
f    851    772    771
f    852    772    851
f    852    773    772
f    853    773    852
f    853    774    773
f    854    774    853
f    854    775    774
f    855    775    854
f    855    776    775
f    856    776    855
f    856    777    776
f    857    777    856
f    857    778    777
f    858    778    857
f    858    779    778
f    859    779    858
f    859    780    779
f    860    780    859
f    860    781    780
f    861    781    860
f    861    782    781
f    861    783    782
f    862    783    861
f    862    784    783
f    863    784    862
f    863    785    784
f    864    785    863
f    864    786    785
f    865    786    864
f    865    787    786
f    866    787    865
f    866    788    787
f    867    788    866
f    867    789    788
f    868    789    867
f    868    790    789
f    869    790    868
f    869    791    790
f    870    791    869
f    870    792    791
f    871    792    870
f    871    793    792
f    872    793    871
f    872    794    793
f    873    794    872
f    873    795    794
f    874    795    873
f    874    796    795
f    875    796    874
f    875    797    796
f    876    797    875
f    876    798    797
f    877    798    876
f    877    799    798
f    878    799    877
f    878    800    799
f    879    800    878
f    879    801    800
f    880    801    879
f    880    802    801
f    880    803    802
f    881    803    880
f    881    804    803
f    882    804    881
f    882    805    804
f    883    805    882
f    883    806    805
f    884    806    883
f    884    807    806
f    885    807    884
f    885    808    807
f    886    808    885
f    886    809    808
f    887    809    886
f    887    810    809
f    888    810    887
f    888    811    810
f    889    811    888
f    889    812    811
f    890    812    889
f    890    813    812
f    891    813    890
f    891    814    813
f    892    814    891
f    892    815    814
f    893    815    892
f    893    816    815
f    894    816    893
f    894    817    816
f    895    817    894
f    895    818    817
f    896    818    895
f    896    819    818
f    897    819    896
f    897    820    819
f    898    820    897
f    898    821    820
f    899    821    898
f    899    822    821
f    899    823    822
f    900    823    899
f    900    824    823
f    901    824    900
f    901    825    824
f    902    825    901
f    902    826    825
f    903    826    902
f    903    827    826
f    904    827    903
f    904    828    827
f    905    828    904
f    905    829    828
f    906    829    905
f    906    830    829
f    907    830    906
f    907    831    830
f    908    831    907
f    908    832    831
f    909    832    908
f    909    833    832
f    910    833    909
f    910    834    833
f    911    834    910
f    911    835    834
f    912    835    911
f    912    836    835
f    913    836    912
f    913    837    836
f    914    837    913
f    914    838    837
f    915    838    914
f    915    839    838
f    916    839    915
f    916    840    839
f    917    840    916
f    917    841    840
f    842    841    917
f    842    762    841
f    918    843    842
f    919    843    918
f    919    844    843
f    920    844    919
f    920    845    844
f    921    845    920
f    921    846    845
f    922    846    921
f    922    847    846
f    923    847    922
f    923    848    847
f    924    848    923
f    924    849    848
f    925    849    924
f    925    850    849
f    926    850    925
f    926    851    850
f    927    851    926
f    927    852    851
f    928    852    927
f    928    853    852
f    929    853    928
f    929    854    853
f    930    854    929
f    930    855    854
f    931    855    930
f    931    856    855
f    932    856    931
f    932    857    856
f    933    857    932
f    933    858    857
f    934    858    933
f    934    859    858
f    935    859    934
f    935    860    859
f    936    860    935
f    936    861    860
f    936    862    861
f    937    862    936
f    937    863    862
f    938    863    937
f    938    864    863
f    939    864    938
f    939    865    864
f    940    865    939
f    940    866    865
f    941    866    940
f    941    867    866
f    942    867    941
f    942    868    867
f    943    868    942
f    943    869    868
f    944    869    943
f    944    870    869
f    945    870    944
f    945    871    870
f    946    871    945
f    946    872    871
f    947    872    946
f    947    873    872
f    948    873    947
f    948    874    873
f    949    874    948
f    949    875    874
f    950    875    949
f    950    876    875
f    951    876    950
f    951    877    876
f    952    877    951
f    952    878    877
f    953    878    952
f    953    879    878
f    954    879    953
f    954    880    879
f    954    881    880
f    955    881    954
f    955    882    881
f    956    882    955
f    956    883    882
f    957    883    956
f    957    884    883
f    958    884    957
f    958    885    884
f    959    885    958
f    959    886    885
f    960    886    959
f    960    887    886
f    961    887    960
f    961    888    887
f    962    888    961
f    962    889    888
f    963    889    962
f    963    890    889
f    964    890    963
f    964    891    890
f    965    891    964
f    965    892    891
f    966    892    965
f    966    893    892
f    967    893    966
f    967    894    893
f    968    894    967
f    968    895    894
f    969    895    968
f    969    896    895
f    970    896    969
f    970    897    896
f    971    897    970
f    971    898    897
f    972    898    971
f    972    899    898
f    972    900    899
f    973    900    972
f    973    901    900
f    974    901    973
f    974    902    901
f    975    902    974
f    975    903    902
f    976    903    975
f    976    904    903
f    977    904    976
f    977    905    904
f    978    905    977
f    978    906    905
f    979    906    978
f    979    907    906
f    980    907    979
f    980    908    907
f    981    908    980
f    981    909    908
f    982    909    981
f    982    910    909
f    983    910    982
f    983    911    910
f    984    911    983
f    984    912    911
f    985    912    984
f    985    913    912
f    986    913    985
f    986    914    913
f    987    914    986
f    987    915    914
f    988    915    987
f    988    916    915
f    989    916    988
f    989    917    916
f    918    917    989
f    918    842    917
f    990    919    918
f    991    919    990
f    991    920    919
f    992    920    991
f    992    921    920
f    993    921    992
f    993    922    921
f    994    922    993
f    994    923    922
f    995    923    994
f    995    924    923
f    996    924    995
f    996    925    924
f    997    925    996
f    997    926    925
f    998    926    997
f    998    927    926
f    999    927    998
f    999    928    927
f   1000    928    999
f   1000    929    928
f   1001    929   1000
f   1001    930    929
f   1002    930   1001
f   1002    931    930
f   1003    931   1002
f   1003    932    931
f   1004    932   1003
f   1004    933    932
f   1005    933   1004
f   1005    934    933
f   1006    934   1005
f   1006    935    934
f   1007    935   1006
f   1007    936    935
f   1007    937    936
f   1008    937   1007
f   1008    938    937
f   1009    938   1008
f   1009    939    938
f   1010    939   1009
f   1010    940    939
f   1011    940   1010
f   1011    941    940
f   1012    941   1011
f   1012    942    941
f   1013    942   1012
f   1013    943    942
f   1014    943   1013
f   1014    944    943
f   1015    944   1014
f   1015    945    944
f   1016    945   1015
f   1016    946    945
f   1017    946   1016
f   1017    947    946
f   1018    947   1017
f   1018    948    947
f   1019    948   1018
f   1019    949    948
f   1020    949   1019
f   1020    950    949
f   1021    950   1020
f   1021    951    950
f   1022    951   1021
f   1022    952    951
f   1023    952   1022
f   1023    953    952
f   1024    953   1023
f   1024    954    953
f   1024    955    954
f   1025    955   1024
f   1025    956    955
f   1026    956   1025
f   1026    957    956
f   1027    957   1026
f   1027    958    957
f   1028    958   1027
f   1028    959    958
f   1029    959   1028
f   1029    960    959
f   1030    960   1029
f   1030    961    960
f   1031    961   1030
f   1031    962    961
f   1032    962   1031
f   1032    963    962
f   1033    963   1032
f   1033    964    963
f   1034    964   1033
f   1034    965    964
f   1035    965   1034
f   1035    966    965
f   1036    966   1035
f   1036    967    966
f   1037    967   1036
f   1037    968    967
f   1038    968   1037
f   1038    969    968
f   1039    969   1038
f   1039    970    969
f   1040    970   1039
f   1040    971    970
f   1041    971   1040
f   1041    972    971
f   1041    973    972
f   1042    973   1041
f   1042    974    973
f   1043    974   1042
f   1043    975    974
f   1044    975   1043
f   1044    976    975
f   1045    976   1044
f   1045    977    976
f   1046    977   1045
f   1046    978    977
f   1047    978   1046
f   1047    979    978
f   1048    979   1047
f   1048    980    979
f   1049    980   1048
f   1049    981    980
f   1050    981   1049
f   1050    982    981
f   1051    982   1050
f   1051    983    982
f   1052    983   1051
f   1052    984    983
f   1053    984   1052
f   1053    985    984
f   1054    985   1053
f   1054    986    985
f   1055    986   1054
f   1055    987    986
f   1056    987   1055
f   1056    988    987
f   1057    988   1056
f   1057    989    988
f    990    989   1057
f    990    918    989
f   1058    991    990
f   1059    991   1058
f   1059    992    991
f   1060    992   1059
f   1060    993    992
f   1061    993   1060
f   1061    994    993
f   1062    994   1061
f   1062    995    994
f   1063    995   1062
f   1063    996    995
f   1064    996   1063
f   1064    997    996
f   1065    997   1064
f   1065    998    997
f   1066    998   1065
f   1066    999    998
f   1067    999   1066
f   1067   1000    999
f   1068   1000   1067
f   1068   1001   1000
f   1069   1001   1068
f   1069   1002   1001
f   1070   1002   1069
f   1070   1003   1002
f   1071   1003   1070
f   1071   1004   1003
f   1072   1004   1071
f   1072   1005   1004
f   1073   1005   1072
f   1073   1006   1005
f   1074   1006   1073
f   1074   1007   1006
f   1074   1008   1007
f   1075   1008   1074
f   1075   1009   1008
f   1076   1009   1075
f   1076   1010   1009
f   1077   1010   1076
f   1077   1011   1010
f   1078   1011   1077
f   1078   1012   1011
f   1079   1012   1078
f   1079   1013   1012
f   1080   1013   1079
f   1080   1014   1013
f   1081   1014   1080
f   1081   1015   1014
f   1082   1015   1081
f   1082   1016   1015
f   1083   1016   1082
f   1083   1017   1016
f   1084   1017   1083
f   1084   1018   1017
f   1085   1018   1084
f   1085   1019   1018
f   1086   1019   1085
f   1086   1020   1019
f   1087   1020   1086
f   1087   1021   1020
f   1088   1021   1087
f   1088   1022   1021
f   1089   1022   1088
f   1089   1023   1022
f   1090   1023   1089
f   1090   1024   1023
f   1090   1025   1024
f   1091   1025   1090
f   1091   1026   1025
f   1092   1026   1091
f   1092   1027   1026
f   1093   1027   1092
f   1093   1028   1027
f   1094   1028   1093
f   1094   1029   1028
f   1095   1029   1094
f   1095   1030   1029
f   1096   1030   1095
f   1096   1031   1030
f   1097   1031   1096
f   1097   1032   1031
f   1098   1032   1097
f   1098   1033   1032
f   1099   1033   1098
f   1099   1034   1033
f   1100   1034   1099
f   1100   1035   1034
f   1101   1035   1100
f   1101   1036   1035
f   1102   1036   1101
f   1102   1037   1036
f   1103   1037   1102
f   1103   1038   1037
f   1104   1038   1103
f   1104   1039   1038
f   1105   1039   1104
f   1105   1040   1039
f   1106   1040   1105
f   1106   1041   1040
f   1106   1042   1041
f   1107   1042   1106
f   1107   1043   1042
f   1108   1043   1107
f   1108   1044   1043
f   1109   1044   1108
f   1109   1045   1044
f   1110   1045   1109
f   1110   1046   1045
f   1111   1046   1110
f   1111   1047   1046
f   1112   1047   1111
f   1112   1048   1047
f   1113   1048   1112
f   1113   1049   1048
f   1114   1049   1113
f   1114   1050   1049
f   1115   1050   1114
f   1115   1051   1050
f   1116   1051   1115
f   1116   1052   1051
f   1117   1052   1116
f   1117   1053   1052
f   1118   1053   1117
f   1118   1054   1053
f   1119   1054   1118
f   1119   1055   1054
f   1120   1055   1119
f   1120   1056   1055
f   1121   1056   1120
f   1121   1057   1056
f   1058   1057   1121
f   1058    990   1057
f   1122   1059   1058
f   1123   1059   1122
f   1123   1060   1059
f   1124   1060   1123
f   1124   1061   1060
f   1125   1061   1124
f   1125   1062   1061
f   1126   1062   1125
f   1126   1063   1062
f   1127   1063   1126
f   1127   1064   1063
f   1128   1064   1127
f   1128   1065   1064
f   1129   1065   1128
f   1129   1066   1065
f   1130   1066   1129
f   1130   1067   1066
f   1131   1067   1130
f   1131   1068   1067
f   1132   1068   1131
f   1132   1069   1068
f   1133   1069   1132
f   1133   1070   1069
f   1134   1070   1133
f   1134   1071   1070
f   1135   1071   1134
f   1135   1072   1071
f   1136   1072   1135
f   1136   1073   1072
f   1137   1073   1136
f   1137   1074   1073
f   1137   1075   1074
f   1138   1075   1137
f   1138   1076   1075
f   1139   1076   1138
f   1139   1077   1076
f   1140   1077   1139
f   1140   1078   1077
f   1141   1078   1140
f   1141   1079   1078
f   1142   1079   1141
f   1142   1080   1079
f   1143   1080   1142
f   1143   1081   1080
f   1144   1081   1143
f   1144   1082   1081
f   1145   1082   1144
f   1145   1083   1082
f   1146   1083   1145
f   1146   1084   1083
f   1147   1084   1146
f   1147   1085   1084
f   1148   1085   1147
f   1148   1086   1085
f   1149   1086   1148
f   1149   1087   1086
f   1150   1087   1149
f   1150   1088   1087
f   1151   1088   1150
f   1151   1089   1088
f   1152   1089   1151
f   1152   1090   1089
f   1152   1091   1090
f   1153   1091   1152
f   1153   1092   1091
f   1154   1092   1153
f   1154   1093   1092
f   1155   1093   1154
f   1155   1094   1093
f   1156   1094   1155
f   1156   1095   1094
f   1157   1095   1156
f   1157   1096   1095
f   1158   1096   1157
f   1158   1097   1096
f   1159   1097   1158
f   1159   1098   1097
f   1160   1098   1159
f   1160   1099   1098
f   1161   1099   1160
f   1161   1100   1099
f   1162   1100   1161
f   1162   1101   1100
f   1163   1101   1162
f   1163   1102   1101
f   1164   1102   1163
f   1164   1103   1102
f   1165   1103   1164
f   1165   1104   1103
f   1166   1104   1165
f   1166   1105   1104
f   1167   1105   1166
f   1167   1106   1105
f   1167   1107   1106
f   1168   1107   1167
f   1168   1108   1107
f   1169   1108   1168
f   1169   1109   1108
f   1170   1109   1169
f   1170   1110   1109
f   1171   1110   1170
f   1171   1111   1110
f   1172   1111   1171
f   1172   1112   1111
f   1173   1112   1172
f   1173   1113   1112
f   1174   1113   1173
f   1174   1114   1113
f   1175   1114   1174
f   1175   1115   1114
f   1176   1115   1175
f   1176   1116   1115
f   1177   1116   1176
f   1177   1117   1116
f   1178   1117   1177
f   1178   1118   1117
f   1179   1118   1178
f   1179   1119   1118
f   1180   1119   1179
f   1180   1120   1119
f   1181   1120   1180
f   1181   1121   1120
f   1122   1121   1181
f   1122   1058   1121
f   1182   1123   1122
f   1183   1123   1182
f   1183   1124   1123
f   1184   1124   1183
f   1184   1125   1124
f   1185   1125   1184
f   1185   1126   1125
f   1186   1126   1185
f   1186   1127   1126
f   1187   1127   1186
f   1187   1128   1127
f   1188   1128   1187
f   1188   1129   1128
f   1189   1129   1188
f   1189   1130   1129
f   1190   1130   1189
f   1190   1131   1130
f   1191   1131   1190
f   1191   1132   1131
f   1192   1132   1191
f   1192   1133   1132
f   1193   1133   1192
f   1193   1134   1133
f   1194   1134   1193
f   1194   1135   1134
f   1195   1135   1194
f   1195   1136   1135
f   1196   1136   1195
f   1196   1137   1136
f   1196   1138   1137
f   1197   1138   1196
f   1197   1139   1138
f   1198   1139   1197
f   1198   1140   1139
f   1199   1140   1198
f   1199   1141   1140
f   1200   1141   1199
f   1200   1142   1141
f   1201   1142   1200
f   1201   1143   1142
f   1202   1143   1201
f   1202   1144   1143
f   1203   1144   1202
f   1203   1145   1144
f   1204   1145   1203
f   1204   1146   1145
f   1205   1146   1204
f   1205   1147   1146
f   1206   1147   1205
f   1206   1148   1147
f   1207   1148   1206
f   1207   1149   1148
f   1208   1149   1207
f   1208   1150   1149
f   1209   1150   1208
f   1209   1151   1150
f   1210   1151   1209
f   1210   1152   1151
f   1210   1153   1152
f   1211   1153   1210
f   1211   1154   1153
f   1212   1154   1211
f   1212   1155   1154
f   1213   1155   1212
f   1213   1156   1155
f   1214   1156   1213
f   1214   1157   1156
f   1215   1157   1214
f   1215   1158   1157
f   1216   1158   1215
f   1216   1159   1158
f   1217   1159   1216
f   1217   1160   1159
f   1218   1160   1217
f   1218   1161   1160
f   1219   1161   1218
f   1219   1162   1161
f   1220   1162   1219
f   1220   1163   1162
f   1221   1163   1220
f   1221   1164   1163
f   1222   1164   1221
f   1222   1165   1164
f   1223   1165   1222
f   1223   1166   1165
f   1224   1166   1223
f   1224   1167   1166
f   1224   1168   1167
f   1225   1168   1224
f   1225   1169   1168
f   1226   1169   1225
f   1226   1170   1169
f   1227   1170   1226
f   1227   1171   1170
f   1228   1171   1227
f   1228   1172   1171
f   1229   1172   1228
f   1229   1173   1172
f   1230   1173   1229
f   1230   1174   1173
f   1231   1174   1230
f   1231   1175   1174
f   1232   1175   1231
f   1232   1176   1175
f   1233   1176   1232
f   1233   1177   1176
f   1234   1177   1233
f   1234   1178   1177
f   1235   1178   1234
f   1235   1179   1178
f   1236   1179   1235
f   1236   1180   1179
f   1237   1180   1236
f   1237   1181   1180
f   1182   1181   1237
f   1182   1122   1181
f   1238   1183   1182
f   1239   1183   1238
f   1239   1184   1183
f   1240   1184   1239
f   1240   1185   1184
f   1241   1185   1240
f   1241   1186   1185
f   1242   1186   1241
f   1242   1187   1186
f   1243   1187   1242
f   1243   1188   1187
f   1244   1188   1243
f   1244   1189   1188
f   1245   1189   1244
f   1245   1190   1189
f   1246   1190   1245
f   1246   1191   1190
f   1247   1191   1246
f   1247   1192   1191
f   1248   1192   1247
f   1248   1193   1192
f   1249   1193   1248
f   1249   1194   1193
f   1250   1194   1249
f   1250   1195   1194
f   1251   1195   1250
f   1251   1196   1195
f   1251   1197   1196
f   1252   1197   1251
f   1252   1198   1197
f   1253   1198   1252
f   1253   1199   1198
f   1254   1199   1253
f   1254   1200   1199
f   1255   1200   1254
f   1255   1201   1200
f   1256   1201   1255
f   1256   1202   1201
f   1257   1202   1256
f   1257   1203   1202
f   1258   1203   1257
f   1258   1204   1203
f   1259   1204   1258
f   1259   1205   1204
f   1260   1205   1259
f   1260   1206   1205
f   1261   1206   1260
f   1261   1207   1206
f   1262   1207   1261
f   1262   1208   1207
f   1263   1208   1262
f   1263   1209   1208
f   1264   1209   1263
f   1264   1210   1209
f   1264   1211   1210
f   1265   1211   1264
f   1265   1212   1211
f   1266   1212   1265
f   1266   1213   1212
f   1267   1213   1266
f   1267   1214   1213
f   1268   1214   1267
f   1268   1215   1214
f   1269   1215   1268
f   1269   1216   1215
f   1270   1216   1269
f   1270   1217   1216
f   1271   1217   1270
f   1271   1218   1217
f   1272   1218   1271
f   1272   1219   1218
f   1273   1219   1272
f   1273   1220   1219
f   1274   1220   1273
f   1274   1221   1220
f   1275   1221   1274
f   1275   1222   1221
f   1276   1222   1275
f   1276   1223   1222
f   1277   1223   1276
f   1277   1224   1223
f   1277   1225   1224
f   1278   1225   1277
f   1278   1226   1225
f   1279   1226   1278
f   1279   1227   1226
f   1280   1227   1279
f   1280   1228   1227
f   1281   1228   1280
f   1281   1229   1228
f   1282   1229   1281
f   1282   1230   1229
f   1283   1230   1282
f   1283   1231   1230
f   1284   1231   1283
f   1284   1232   1231
f   1285   1232   1284
f   1285   1233   1232
f   1286   1233   1285
f   1286   1234   1233
f   1287   1234   1286
f   1287   1235   1234
f   1288   1235   1287
f   1288   1236   1235
f   1289   1236   1288
f   1289   1237   1236
f   1238   1237   1289
f   1238   1182   1237
f   1290   1239   1238
f   1291   1239   1290
f   1291   1240   1239
f   1292   1240   1291
f   1292   1241   1240
f   1293   1241   1292
f   1293   1242   1241
f   1294   1242   1293
f   1294   1243   1242
f   1295   1243   1294
f   1295   1244   1243
f   1296   1244   1295
f   1296   1245   1244
f   1297   1245   1296
f   1297   1246   1245
f   1298   1246   1297
f   1298   1247   1246
f   1299   1247   1298
f   1299   1248   1247
f   1300   1248   1299
f   1300   1249   1248
f   1301   1249   1300
f   1301   1250   1249
f   1302   1250   1301
f   1302   1251   1250
f   1302   1252   1251
f   1303   1252   1302
f   1303   1253   1252
f   1304   1253   1303
f   1304   1254   1253
f   1305   1254   1304
f   1305   1255   1254
f   1306   1255   1305
f   1306   1256   1255
f   1307   1256   1306
f   1307   1257   1256
f   1308   1257   1307
f   1308   1258   1257
f   1309   1258   1308
f   1309   1259   1258
f   1310   1259   1309
f   1310   1260   1259
f   1311   1260   1310
f   1311   1261   1260
f   1312   1261   1311
f   1312   1262   1261
f   1313   1262   1312
f   1313   1263   1262
f   1314   1263   1313
f   1314   1264   1263
f   1314   1265   1264
f   1315   1265   1314
f   1315   1266   1265
f   1316   1266   1315
f   1316   1267   1266
f   1317   1267   1316
f   1317   1268   1267
f   1318   1268   1317
f   1318   1269   1268
f   1319   1269   1318
f   1319   1270   1269
f   1320   1270   1319
f   1320   1271   1270
f   1321   1271   1320
f   1321   1272   1271
f   1322   1272   1321
f   1322   1273   1272
f   1323   1273   1322
f   1323   1274   1273
f   1324   1274   1323
f   1324   1275   1274
f   1325   1275   1324
f   1325   1276   1275
f   1326   1276   1325
f   1326   1277   1276
f   1326   1278   1277
f   1327   1278   1326
f   1327   1279   1278
f   1328   1279   1327
f   1328   1280   1279
f   1329   1280   1328
f   1329   1281   1280
f   1330   1281   1329
f   1330   1282   1281
f   1331   1282   1330
f   1331   1283   1282
f   1332   1283   1331
f   1332   1284   1283
f   1333   1284   1332
f   1333   1285   1284
f   1334   1285   1333
f   1334   1286   1285
f   1335   1286   1334
f   1335   1287   1286
f   1336   1287   1335
f   1336   1288   1287
f   1337   1288   1336
f   1337   1289   1288
f   1290   1289   1337
f   1290   1238   1289
f   1338   1291   1290
f   1339   1291   1338
f   1339   1292   1291
f   1340   1292   1339
f   1340   1293   1292
f   1341   1293   1340
f   1341   1294   1293
f   1342   1294   1341
f   1342   1295   1294
f   1343   1295   1342
f   1343   1296   1295
f   1344   1296   1343
f   1344   1297   1296
f   1345   1297   1344
f   1345   1298   1297
f   1346   1298   1345
f   1346   1299   1298
f   1347   1299   1346
f   1347   1300   1299
f   1348   1300   1347
f   1348   1301   1300
f   1349   1301   1348
f   1349   1302   1301
f   1349   1303   1302
f   1350   1303   1349
f   1350   1304   1303
f   1351   1304   1350
f   1351   1305   1304
f   1352   1305   1351
f   1352   1306   1305
f   1353   1306   1352
f   1353   1307   1306
f   1354   1307   1353
f   1354   1308   1307
f   1355   1308   1354
f   1355   1309   1308
f   1356   1309   1355
f   1356   1310   1309
f   1357   1310   1356
f   1357   1311   1310
f   1358   1311   1357
f   1358   1312   1311
f   1359   1312   1358
f   1359   1313   1312
f   1360   1313   1359
f   1360   1314   1313
f   1360   1315   1314
f   1361   1315   1360
f   1361   1316   1315
f   1362   1316   1361
f   1362   1317   1316
f   1363   1317   1362
f   1363   1318   1317
f   1364   1318   1363
f   1364   1319   1318
f   1365   1319   1364
f   1365   1320   1319
f   1366   1320   1365
f   1366   1321   1320
f   1367   1321   1366
f   1367   1322   1321
f   1368   1322   1367
f   1368   1323   1322
f   1369   1323   1368
f   1369   1324   1323
f   1370   1324   1369
f   1370   1325   1324
f   1371   1325   1370
f   1371   1326   1325
f   1371   1327   1326
f   1372   1327   1371
f   1372   1328   1327
f   1373   1328   1372
f   1373   1329   1328
f   1374   1329   1373
f   1374   1330   1329
f   1375   1330   1374
f   1375   1331   1330
f   1376   1331   1375
f   1376   1332   1331
f   1377   1332   1376
f   1377   1333   1332
f   1378   1333   1377
f   1378   1334   1333
f   1379   1334   1378
f   1379   1335   1334
f   1380   1335   1379
f   1380   1336   1335
f   1381   1336   1380
f   1381   1337   1336
f   1338   1337   1381
f   1338   1290   1337
f   1382   1339   1338
f   1383   1339   1382
f   1383   1340   1339
f   1384   1340   1383
f   1384   1341   1340
f   1385   1341   1384
f   1385   1342   1341
f   1386   1342   1385
f   1386   1343   1342
f   1387   1343   1386
f   1387   1344   1343
f   1388   1344   1387
f   1388   1345   1344
f   1389   1345   1388
f   1389   1346   1345
f   1390   1346   1389
f   1390   1347   1346
f   1391   1347   1390
f   1391   1348   1347
f   1392   1348   1391
f   1392   1349   1348
f   1392   1350   1349
f   1393   1350   1392
f   1393   1351   1350
f   1394   1351   1393
f   1394   1352   1351
f   1395   1352   1394
f   1395   1353   1352
f   1396   1353   1395
f   1396   1354   1353
f   1397   1354   1396
f   1397   1355   1354
f   1398   1355   1397
f   1398   1356   1355
f   1399   1356   1398
f   1399   1357   1356
f   1400   1357   1399
f   1400   1358   1357
f   1401   1358   1400
f   1401   1359   1358
f   1402   1359   1401
f   1402   1360   1359
f   1402   1361   1360
f   1403   1361   1402
f   1403   1362   1361
f   1404   1362   1403
f   1404   1363   1362
f   1405   1363   1404
f   1405   1364   1363
f   1406   1364   1405
f   1406   1365   1364
f   1407   1365   1406
f   1407   1366   1365
f   1408   1366   1407
f   1408   1367   1366
f   1409   1367   1408
f   1409   1368   1367
f   1410   1368   1409
f   1410   1369   1368
f   1411   1369   1410
f   1411   1370   1369
f   1412   1370   1411
f   1412   1371   1370
f   1412   1372   1371
f   1413   1372   1412
f   1413   1373   1372
f   1414   1373   1413
f   1414   1374   1373
f   1415   1374   1414
f   1415   1375   1374
f   1416   1375   1415
f   1416   1376   1375
f   1417   1376   1416
f   1417   1377   1376
f   1418   1377   1417
f   1418   1378   1377
f   1419   1378   1418
f   1419   1379   1378
f   1420   1379   1419
f   1420   1380   1379
f   1421   1380   1420
f   1421   1381   1380
f   1382   1381   1421
f   1382   1338   1381
f   1422   1383   1382
f   1423   1383   1422
f   1423   1384   1383
f   1424   1384   1423
f   1424   1385   1384
f   1425   1385   1424
f   1425   1386   1385
f   1426   1386   1425
f   1426   1387   1386
f   1427   1387   1426
f   1427   1388   1387
f   1428   1388   1427
f   1428   1389   1388
f   1429   1389   1428
f   1429   1390   1389
f   1430   1390   1429
f   1430   1391   1390
f   1431   1391   1430
f   1431   1392   1391
f   1431   1393   1392
f   1432   1393   1431
f   1432   1394   1393
f   1433   1394   1432
f   1433   1395   1394
f   1434   1395   1433
f   1434   1396   1395
f   1435   1396   1434
f   1435   1397   1396
f   1436   1397   1435
f   1436   1398   1397
f   1437   1398   1436
f   1437   1399   1398
f   1438   1399   1437
f   1438   1400   1399
f   1439   1400   1438
f   1439   1401   1400
f   1440   1401   1439
f   1440   1402   1401
f   1440   1403   1402
f   1441   1403   1440
f   1441   1404   1403
f   1442   1404   1441
f   1442   1405   1404
f   1443   1405   1442
f   1443   1406   1405
f   1444   1406   1443
f   1444   1407   1406
f   1445   1407   1444
f   1445   1408   1407
f   1446   1408   1445
f   1446   1409   1408
f   1447   1409   1446
f   1447   1410   1409
f   1448   1410   1447
f   1448   1411   1410
f   1449   1411   1448
f   1449   1412   1411
f   1449   1413   1412
f   1450   1413   1449
f   1450   1414   1413
f   1451   1414   1450
f   1451   1415   1414
f   1452   1415   1451
f   1452   1416   1415
f   1453   1416   1452
f   1453   1417   1416
f   1454   1417   1453
f   1454   1418   1417
f   1455   1418   1454
f   1455   1419   1418
f   1456   1419   1455
f   1456   1420   1419
f   1457   1420   1456
f   1457   1421   1420
f   1422   1421   1457
f   1422   1382   1421
f   1458   1423   1422
f   1459   1423   1458
f   1459   1424   1423
f   1460   1424   1459
f   1460   1425   1424
f   1461   1425   1460
f   1461   1426   1425
f   1462   1426   1461
f   1462   1427   1426
f   1463   1427   1462
f   1463   1428   1427
f   1464   1428   1463
f   1464   1429   1428
f   1465   1429   1464
f   1465   1430   1429
f   1466   1430   1465
f   1466   1431   1430
f   1466   1432   1431
f   1467   1432   1466
f   1467   1433   1432
f   1468   1433   1467
f   1468   1434   1433
f   1469   1434   1468
f   1469   1435   1434
f   1470   1435   1469
f   1470   1436   1435
f   1471   1436   1470
f   1471   1437   1436
f   1472   1437   1471
f   1472   1438   1437
f   1473   1438   1472
f   1473   1439   1438
f   1474   1439   1473
f   1474   1440   1439
f   1474   1441   1440
f   1475   1441   1474
f   1475   1442   1441
f   1476   1442   1475
f   1476   1443   1442
f   1477   1443   1476
f   1477   1444   1443
f   1478   1444   1477
f   1478   1445   1444
f   1479   1445   1478
f   1479   1446   1445
f   1480   1446   1479
f   1480   1447   1446
f   1481   1447   1480
f   1481   1448   1447
f   1482   1448   1481
f   1482   1449   1448
f   1482   1450   1449
f   1483   1450   1482
f   1483   1451   1450
f   1484   1451   1483
f   1484   1452   1451
f   1485   1452   1484
f   1485   1453   1452
f   1486   1453   1485
f   1486   1454   1453
f   1487   1454   1486
f   1487   1455   1454
f   1488   1455   1487
f   1488   1456   1455
f   1489   1456   1488
f   1489   1457   1456
f   1458   1457   1489
f   1458   1422   1457
f   1490   1459   1458
f   1491   1459   1490
f   1491   1460   1459
f   1492   1460   1491
f   1492   1461   1460
f   1493   1461   1492
f   1493   1462   1461
f   1494   1462   1493
f   1494   1463   1462
f   1495   1463   1494
f   1495   1464   1463
f   1496   1464   1495
f   1496   1465   1464
f   1497   1465   1496
f   1497   1466   1465
f   1497   1467   1466
f   1498   1467   1497
f   1498   1468   1467
f   1499   1468   1498
f   1499   1469   1468
f   1500   1469   1499
f   1500   1470   1469
f   1501   1470   1500
f   1501   1471   1470
f   1502   1471   1501
f   1502   1472   1471
f   1503   1472   1502
f   1503   1473   1472
f   1504   1473   1503
f   1504   1474   1473
f   1504   1475   1474
f   1505   1475   1504
f   1505   1476   1475
f   1506   1476   1505
f   1506   1477   1476
f   1507   1477   1506
f   1507   1478   1477
f   1508   1478   1507
f   1508   1479   1478
f   1509   1479   1508
f   1509   1480   1479
f   1510   1480   1509
f   1510   1481   1480
f   1511   1481   1510
f   1511   1482   1481
f   1511   1483   1482
f   1512   1483   1511
f   1512   1484   1483
f   1513   1484   1512
f   1513   1485   1484
f   1514   1485   1513
f   1514   1486   1485
f   1515   1486   1514
f   1515   1487   1486
f   1516   1487   1515
f   1516   1488   1487
f   1517   1488   1516
f   1517   1489   1488
f   1490   1489   1517
f   1490   1458   1489
f   1518   1491   1490
f   1519   1491   1518
f   1519   1492   1491
f   1520   1492   1519
f   1520   1493   1492
f   1521   1493   1520
f   1521   1494   1493
f   1522   1494   1521
f   1522   1495   1494
f   1523   1495   1522
f   1523   1496   1495
f   1524   1496   1523
f   1524   1497   1496
f   1524   1498   1497
f   1525   1498   1524
f   1525   1499   1498
f   1526   1499   1525
f   1526   1500   1499
f   1527   1500   1526
f   1527   1501   1500
f   1528   1501   1527
f   1528   1502   1501
f   1529   1502   1528
f   1529   1503   1502
f   1530   1503   1529
f   1530   1504   1503
f   1530   1505   1504
f   1531   1505   1530
f   1531   1506   1505
f   1532   1506   1531
f   1532   1507   1506
f   1533   1507   1532
f   1533   1508   1507
f   1534   1508   1533
f   1534   1509   1508
f   1535   1509   1534
f   1535   1510   1509
f   1536   1510   1535
f   1536   1511   1510
f   1536   1512   1511
f   1537   1512   1536
f   1537   1513   1512
f   1538   1513   1537
f   1538   1514   1513
f   1539   1514   1538
f   1539   1515   1514
f   1540   1515   1539
f   1540   1516   1515
f   1541   1516   1540
f   1541   1517   1516
f   1518   1517   1541
f   1518   1490   1517
f   1542   1519   1518
f   1543   1519   1542
f   1543   1520   1519
f   1544   1520   1543
f   1544   1521   1520
f   1545   1521   1544
f   1545   1522   1521
f   1546   1522   1545
f   1546   1523   1522
f   1547   1523   1546
f   1547   1524   1523
f   1547   1525   1524
f   1548   1525   1547
f   1548   1526   1525
f   1549   1526   1548
f   1549   1527   1526
f   1550   1527   1549
f   1550   1528   1527
f   1551   1528   1550
f   1551   1529   1528
f   1552   1529   1551
f   1552   1530   1529
f   1552   1531   1530
f   1553   1531   1552
f   1553   1532   1531
f   1554   1532   1553
f   1554   1533   1532
f   1555   1533   1554
f   1555   1534   1533
f   1556   1534   1555
f   1556   1535   1534
f   1557   1535   1556
f   1557   1536   1535
f   1557   1537   1536
f   1558   1537   1557
f   1558   1538   1537
f   1559   1538   1558
f   1559   1539   1538
f   1560   1539   1559
f   1560   1540   1539
f   1561   1540   1560
f   1561   1541   1540
f   1542   1541   1561
f   1542   1518   1541
f   1562   1543   1542
f   1563   1543   1562
f   1563   1544   1543
f   1564   1544   1563
f   1564   1545   1544
f   1565   1545   1564
f   1565   1546   1545
f   1566   1546   1565
f   1566   1547   1546
f   1566   1548   1547
f   1567   1548   1566
f   1567   1549   1548
f   1568   1549   1567
f   1568   1550   1549
f   1569   1550   1568
f   1569   1551   1550
f   1570   1551   1569
f   1570   1552   1551
f   1570   1553   1552
f   1571   1553   1570
f   1571   1554   1553
f   1572   1554   1571
f   1572   1555   1554
f   1573   1555   1572
f   1573   1556   1555
f   1574   1556   1573
f   1574   1557   1556
f   1574   1558   1557
f   1575   1558   1574
f   1575   1559   1558
f   1576   1559   1575
f   1576   1560   1559
f   1577   1560   1576
f   1577   1561   1560
f   1562   1561   1577
f   1562   1542   1561
f   1578   1563   1562
f   1579   1563   1578
f   1579   1564   1563
f   1580   1564   1579
f   1580   1565   1564
f   1581   1565   1580
f   1581   1566   1565
f   1581   1567   1566
f   1582   1567   1581
f   1582   1568   1567
f   1583   1568   1582
f   1583   1569   1568
f   1584   1569   1583
f   1584   1570   1569
f   1584   1571   1570
f   1585   1571   1584
f   1585   1572   1571
f   1586   1572   1585
f   1586   1573   1572
f   1587   1573   1586
f   1587   1574   1573
f   1587   1575   1574
f   1588   1575   1587
f   1588   1576   1575
f   1589   1576   1588
f   1589   1577   1576
f   1578   1577   1589
f   1578   1562   1577
f   1590   1579   1578
f   1591   1579   1590
f   1591   1580   1579
f   1592   1580   1591
f   1592   1581   1580
f   1592   1582   1581
f   1593   1582   1592
f   1593   1583   1582
f   1594   1583   1593
f   1594   1584   1583
f   1594   1585   1584
f   1595   1585   1594
f   1595   1586   1585
f   1596   1586   1595
f   1596   1587   1586
f   1596   1588   1587
f   1597   1588   1596
f   1597   1589   1588
f   1590   1589   1597
f   1590   1578   1589
f   1598   1591   1590
f   1599   1591   1598
f   1599   1592   1591
f   1599   1593   1592
f   1600   1593   1599
f   1600   1594   1593
f   1600   1595   1594
f   1601   1595   1600
f   1601   1596   1595
f   1601   1597   1596
f   1598   1597   1601
f   1598   1590   1597
f   1602   1599   1598
f   1602   1600   1599
f   1602   1601   1600
f   1602   1598   1601
